slug,comune,provincia,regione,scuole_totali_docente,anno_dati_invalsi,italiano_ii_pct,matematica_ii_pct,italiano_v_pct,matematica_v_pct,media_superiori_pct,metriche_sopra_merate,sopra_merate_tutte4,pari_o_sopra_merate_tutte4,distanza_media_da_merate,margine_minimo_vs_merate,metriche_superiori_presenti,dati_superiori_completi,url,errore
desio,DESIO,MONZA E DELLA BRIANZA,Lombardia,27,2024-25,88.0,89.0,81.0,93.0,87.75,3,False,True,5.25,0.0,4,True,https://www.docente.it/migliori-scuole/desio,
busnago,BUSNAGO,MONZA E DELLA BRIANZA,Lombardia,10,2024-25,80.0,95.0,75.0,92.0,85.5,3,False,False,3.0,-6.0,4,True,https://www.docente.it/migliori-scuole/busnago,
fossano,FOSSANO,CUNEO,Piemonte,27,2024-25,84.0,91.0,77.0,89.0,85.25,3,False,False,2.75,-4.0,4,True,https://www.docente.it/migliori-scuole/fossano,
nicotera,NICOTERA,VIBO VALENTIA,Calabria,13,2024-25,93.0,93.0,72.0,82.0,85.0,2,False,False,2.5,-9.0,4,True,https://www.docente.it/migliori-scuole/nicotera,
adro,ADRO,BRESCIA,Lombardia,11,2024-25,87.0,85.0,79.0,84.0,83.75,1,False,False,1.25,-2.0,4,True,https://www.docente.it/migliori-scuole/adro,
possagno,POSSAGNO,TREVISO,Veneto,8,2024-25,90.0,86.0,91.0,66.0,83.25,2,False,False,0.75,-19.0,4,True,https://www.docente.it/migliori-scuole/possagno,
merate,MERATE,LECCO,Lombardia,18,2024-25,77.0,87.0,81.0,85.0,82.5,0,False,True,0.0,0.0,4,True,https://www.docente.it/migliori-scuole/merate,
rivarolo-canavese,RIVAROLO CANAVESE,TORINO,Piemonte,20,2024-25,78.0,78.0,76.0,82.0,78.5,1,False,False,-4.0,-9.0,4,True,https://www.docente.it/migliori-scuole/rivarolo-canavese,
thiene,THIENE,VICENZA,Veneto,21,2024-25,79.0,82.0,73.0,79.0,78.25,1,False,False,-4.25,-8.0,4,True,https://www.docente.it/migliori-scuole/thiene,
gorla-minore,GORLA MINORE,VARESE,Lombardia,10,2024-25,76.0,80.0,83.0,72.0,77.75,1,False,False,-4.75,-13.0,4,True,https://www.docente.it/migliori-scuole/gorla-minore,
mogliano-veneto,MOGLIANO VENETO,TREVISO,Veneto,30,2024-25,81.0,78.0,74.0,75.0,77.0,1,False,False,-5.5,-10.0,4,True,https://www.docente.it/migliori-scuole/mogliano-veneto,
riva-del-garda,RIVA DEL GARDA,TRENTO,Trentino-Alto Adige,14,2024-25,80.0,78.0,72.0,74.0,76.0,1,False,False,-6.5,-11.0,4,True,https://www.docente.it/migliori-scuole/riva-del-garda,
san-bonifacio,SAN BONIFACIO,VERONA,Veneto,21,2024-25,76.0,82.0,73.0,73.0,76.0,0,False,False,-6.5,-12.0,4,True,https://www.docente.it/migliori-scuole/san-bonifacio,
cesano-maderno,CESANO MADERNO,MONZA E DELLA BRIANZA,Lombardia,27,2024-25,72.0,75.0,75.0,77.0,74.75,0,False,False,-7.75,-12.0,4,True,https://www.docente.it/migliori-scuole/cesano-maderno,
lonato-del-garda,LONATO DEL GARDA,BRESCIA,Lombardia,20,2024-25,68.0,83.0,66.0,82.0,74.75,0,False,False,-7.75,-15.0,4,True,https://www.docente.it/migliori-scuole/lonato-del-garda,
lovere,LOVERE,BERGAMO,Lombardia,19,2024-25,71.0,72.0,77.0,78.0,74.5,0,False,False,-8.0,-15.0,4,True,https://www.docente.it/migliori-scuole/lovere,
presezzo,PRESEZZO,BERGAMO,Lombardia,15,2024-25,76.0,69.0,74.0,77.0,74.0,0,False,False,-8.5,-18.0,4,True,https://www.docente.it/migliori-scuole/presezzo,
cittadella,CITTADELLA,PADOVA,Veneto,30,2024-25,69.0,76.0,73.0,77.0,73.75,0,False,False,-8.75,-11.0,4,True,https://www.docente.it/migliori-scuole/cittadella,
sondrio,SONDRIO,SONDRIO,Lombardia,32,2024-25,74.0,77.0,66.0,78.0,73.75,0,False,False,-8.75,-15.0,4,True,https://www.docente.it/migliori-scuole/sondrio,
calcinate,CALCINATE,BERGAMO,Lombardia,9,2024-25,80.0,70.0,78.0,66.0,73.5,1,False,False,-9.0,-19.0,4,True,https://www.docente.it/migliori-scuole/calcinate,
dalmine,DALMINE,BERGAMO,Lombardia,20,2024-25,70.0,75.0,70.0,77.0,73.0,0,False,False,-9.5,-12.0,4,True,https://www.docente.it/migliori-scuole/dalmine,
montebelluna,MONTEBELLUNA,TREVISO,Veneto,37,2024-25,72.0,74.0,70.0,76.0,73.0,0,False,False,-9.5,-13.0,4,True,https://www.docente.it/migliori-scuole/montebelluna,
carate-brianza,CARATE BRIANZA,MONZA E DELLA BRIANZA,Lombardia,23,2024-25,64.0,72.0,74.0,79.0,72.25,0,False,False,-10.25,-15.0,4,True,https://www.docente.it/migliori-scuole/carate-brianza,
cles,CLES,TRENTO,Trentino-Alto Adige,9,2024-25,80.0,76.0,64.0,69.0,72.25,1,False,False,-10.25,-17.0,4,True,https://www.docente.it/migliori-scuole/cles,
albano-laziale,ALBANO LAZIALE,ROMA,Lazio,29,2024-25,84.0,68.0,83.0,53.0,72.0,2,False,False,-10.5,-32.0,4,True,https://www.docente.it/migliori-scuole/albano-laziale,
albenga,ALBENGA,SAVONA,Liguria,27,2024-25,79.0,68.0,76.0,64.0,71.75,1,False,False,-10.75,-21.0,4,True,https://www.docente.it/migliori-scuole/albenga,
bassano-del-grappa,BASSANO DEL GRAPPA,VICENZA,Veneto,53,2024-25,72.0,73.0,69.0,72.0,71.5,0,False,False,-11.0,-14.0,4,True,https://www.docente.it/migliori-scuole/bassano-del-grappa,
finale-emilia,FINALE EMILIA,MODENA,Emilia-Romagna,9,2024-25,77.0,75.0,69.0,65.0,71.5,0,False,False,-11.0,-20.0,4,True,https://www.docente.it/migliori-scuole/finale-emilia,
villafranca-di-verona,VILLAFRANCA DI VERONA,VERONA,Veneto,32,2024-25,70.0,66.0,78.0,72.0,71.5,0,False,False,-11.0,-21.0,4,True,https://www.docente.it/migliori-scuole/villafranca-di-verona,
castellana-grotte,CASTELLANA GROTTE,BARI,Puglia,20,2024-25,68.0,76.0,68.0,73.0,71.25,0,False,False,-11.25,-13.0,4,True,https://www.docente.it/migliori-scuole/castellana-grotte,
mirano,MIRANO,VENEZIA,Veneto,31,2024-25,64.0,75.0,68.0,77.0,71.0,0,False,False,-11.5,-13.0,4,True,https://www.docente.it/migliori-scuole/mirano,
corsico,CORSICO,MILANO,Lombardia,22,2024-25,70.0,71.0,71.0,70.0,70.5,0,False,False,-12.0,-16.0,4,True,https://www.docente.it/migliori-scuole/corsico,
arzignano,ARZIGNANO,VICENZA,Veneto,20,2024-25,72.0,71.0,68.0,69.0,70.0,0,False,False,-12.5,-16.0,4,True,https://www.docente.it/migliori-scuole/arzignano,
trento,TRENTO,TRENTO,Trentino-Alto Adige,74,2024-25,74.0,75.0,64.0,67.0,70.0,0,False,False,-12.5,-18.0,4,True,https://www.docente.it/migliori-scuole/trento,
erba,ERBA,COMO,Lombardia,20,2024-25,71.0,71.0,70.0,67.0,69.75,0,False,False,-12.75,-18.0,4,True,https://www.docente.it/migliori-scuole/erba,
bergamo,BERGAMO,BERGAMO,Lombardia,175,2024-25,71.0,69.0,69.0,69.0,69.5,0,False,False,-13.0,-18.0,4,True,https://www.docente.it/migliori-scuole/bergamo,
ciampino,CIAMPINO,ROMA,Lazio,32,2024-25,74.0,70.0,68.0,66.0,69.5,0,False,False,-13.0,-19.0,4,True,https://www.docente.it/migliori-scuole/ciampino,
lecco,LECCO,LECCO,Lombardia,83,2024-25,69.0,70.0,69.0,69.0,69.25,0,False,False,-13.25,-17.0,4,True,https://www.docente.it/migliori-scuole/lecco,
san-lazzaro-di-savena,SAN LAZZARO DI SAVENA,BOLOGNA,Emilia-Romagna,31,2024-25,71.0,68.0,68.0,69.0,69.0,0,False,False,-13.5,-19.0,4,True,https://www.docente.it/migliori-scuole/san-lazzaro-di-savena,
pordenone,PORDENONE,PORDENONE,Friuli-Venezia Giulia,59,2024-25,69.0,70.0,66.0,70.0,68.75,0,False,False,-13.75,-17.0,4,True,https://www.docente.it/migliori-scuole/pordenone,
udine,UDINE,UDINE,Friuli-Venezia Giulia,117,2024-25,70.0,69.0,69.0,67.0,68.75,0,False,False,-13.75,-18.0,4,True,https://www.docente.it/migliori-scuole/udine,
vicenza,VICENZA,VICENZA,Veneto,133,2024-25,71.0,69.0,68.0,67.0,68.75,0,False,False,-13.75,-18.0,4,True,https://www.docente.it/migliori-scuole/vicenza,
conversano,CONVERSANO,BARI,Puglia,21,2024-25,78.0,72.0,69.0,56.0,68.75,1,False,False,-13.75,-29.0,4,True,https://www.docente.it/migliori-scuole/conversano,
piove-di-sacco,PIOVE DI SACCO,PADOVA,Veneto,27,2024-25,71.0,72.0,65.0,66.0,68.5,0,False,False,-14.0,-19.0,4,True,https://www.docente.it/migliori-scuole/piove-di-sacco,
lissone,LISSONE,MONZA E DELLA BRIANZA,Lombardia,29,2024-25,65.0,76.0,61.0,70.0,68.0,0,False,False,-14.5,-20.0,4,True,https://www.docente.it/migliori-scuole/lissone,
verona,VERONA,VERONA,Veneto,273,2024-25,69.0,69.0,67.0,65.0,67.5,0,False,False,-15.0,-20.0,4,True,https://www.docente.it/migliori-scuole/verona,
monselice,MONSELICE,PADOVA,Veneto,26,2024-25,71.0,66.0,70.0,63.0,67.5,0,False,False,-15.0,-22.0,4,True,https://www.docente.it/migliori-scuole/monselice,
schio,SCHIO,VICENZA,Veneto,34,2024-25,68.0,67.0,68.0,66.0,67.25,0,False,False,-15.25,-20.0,4,True,https://www.docente.it/migliori-scuole/schio,
cuneo,CUNEO,CUNEO,Piemonte,72,2024-25,69.0,66.0,66.0,68.0,67.25,0,False,False,-15.25,-21.0,4,True,https://www.docente.it/migliori-scuole/cuneo,
brescia,BRESCIA,BRESCIA,Lombardia,217,2024-25,70.0,67.0,67.0,64.0,67.0,0,False,False,-15.5,-21.0,4,True,https://www.docente.it/migliori-scuole/brescia,
moncalieri,MONCALIERI,TORINO,Piemonte,52,2024-25,64.0,67.0,63.0,71.0,66.25,0,False,False,-16.25,-20.0,4,True,https://www.docente.it/migliori-scuole/moncalieri,
remedello,REMEDELLO,BRESCIA,Lombardia,9,2024-25,57.0,75.0,64.0,69.0,66.25,0,False,False,-16.25,-20.0,4,True,https://www.docente.it/migliori-scuole/remedello,
aosta,AOSTA,AOSTA,Valle d'Aosta,62,2024-25,67.0,62.0,71.0,65.0,66.25,0,False,False,-16.25,-25.0,4,True,https://www.docente.it/migliori-scuole/aosta,
seregno,SEREGNO,MONZA E DELLA BRIANZA,Lombardia,43,2024-25,72.0,66.0,68.0,59.0,66.25,0,False,False,-16.25,-26.0,4,True,https://www.docente.it/migliori-scuole/seregno,
feltre,FELTRE,BELLUNO,Veneto,34,2024-25,64.0,67.0,62.0,71.0,66.0,0,False,False,-16.5,-20.0,4,True,https://www.docente.it/migliori-scuole/feltre,
este,ESTE,PADOVA,Veneto,23,2024-25,68.0,69.0,63.0,64.0,66.0,0,False,False,-16.5,-21.0,4,True,https://www.docente.it/migliori-scuole/este,
padova,PADOVA,PADOVA,Veneto,214,2024-25,68.0,68.0,64.0,64.0,66.0,0,False,False,-16.5,-21.0,4,True,https://www.docente.it/migliori-scuole/padova,
treviso,TREVISO,TREVISO,Veneto,105,2024-25,69.0,66.0,68.0,61.0,66.0,0,False,False,-16.5,-24.0,4,True,https://www.docente.it/migliori-scuole/treviso,
rovereto,ROVERETO,TRENTO,Trentino-Alto Adige,34,2024-25,73.0,74.0,58.0,59.0,66.0,0,False,False,-16.5,-26.0,4,True,https://www.docente.it/migliori-scuole/rovereto,
parabiago,PARABIAGO,MILANO,Lombardia,19,2024-25,69.0,66.0,68.0,60.0,65.75,0,False,False,-16.75,-25.0,4,True,https://www.docente.it/migliori-scuole/parabiago,
tradate,TRADATE,VARESE,Lombardia,21,2024-25,68.0,66.0,64.0,64.0,65.5,0,False,False,-17.0,-21.0,4,True,https://www.docente.it/migliori-scuole/tradate,
urbino,URBINO,PESARO E URBINO,Marche,25,2024-25,71.0,66.0,61.0,64.0,65.5,0,False,False,-17.0,-21.0,4,True,https://www.docente.it/migliori-scuole/urbino,
valdagno,VALDAGNO,VICENZA,Veneto,25,2024-25,68.0,61.0,68.0,65.0,65.5,0,False,False,-17.0,-26.0,4,True,https://www.docente.it/migliori-scuole/valdagno,
vimercate,VIMERCATE,MONZA E DELLA BRIANZA,Lombardia,29,2024-25,66.0,66.0,64.0,65.0,65.25,0,False,False,-17.25,-21.0,4,True,https://www.docente.it/migliori-scuole/vimercate,
vittorio-veneto,VITTORIO VENETO,TREVISO,Veneto,34,2024-25,69.0,65.0,62.0,65.0,65.25,0,False,False,-17.25,-22.0,4,True,https://www.docente.it/migliori-scuole/vittorio-veneto,
monza,MONZA,MONZA E DELLA BRIANZA,Lombardia,129,2024-25,71.0,67.0,63.0,60.0,65.25,0,False,False,-17.25,-25.0,4,True,https://www.docente.it/migliori-scuole/monza,
villorba,VILLORBA,TREVISO,Veneto,14,2024-25,61.0,68.0,61.0,70.0,65.0,0,False,False,-17.5,-20.0,4,True,https://www.docente.it/migliori-scuole/villorba,
lodi,LODI,LODI,Lombardia,56,2024-25,68.0,65.0,63.0,64.0,65.0,0,False,False,-17.5,-22.0,4,True,https://www.docente.it/migliori-scuole/lodi,
verbania,VERBANIA,VERBANO-CUSIO-OSSOLA,Piemonte,37,2024-25,65.0,63.0,66.0,66.0,65.0,0,False,False,-17.5,-24.0,4,True,https://www.docente.it/migliori-scuole/verbania,
borgomanero,BORGOMANERO,NOVARA,Piemonte,25,2024-25,70.0,61.0,66.0,63.0,65.0,0,False,False,-17.5,-26.0,4,True,https://www.docente.it/migliori-scuole/borgomanero,
morbegno,MORBEGNO,SONDRIO,Lombardia,17,2024-25,69.0,60.0,69.0,62.0,65.0,0,False,False,-17.5,-27.0,4,True,https://www.docente.it/migliori-scuole/morbegno,
conegliano,CONEGLIANO,TREVISO,Veneto,52,2024-25,66.0,69.0,60.0,64.0,64.75,0,False,False,-17.75,-21.0,4,True,https://www.docente.it/migliori-scuole/conegliano,
ravenna,RAVENNA,RAVENNA,Emilia-Romagna,109,2024-25,66.0,67.0,62.0,64.0,64.75,0,False,False,-17.75,-21.0,4,True,https://www.docente.it/migliori-scuole/ravenna,
belluno,BELLUNO,BELLUNO,Veneto,55,2024-25,66.0,65.0,66.0,62.0,64.75,0,False,False,-17.75,-23.0,4,True,https://www.docente.it/migliori-scuole/belluno,
busto-arsizio,BUSTO ARSIZIO,VARESE,Lombardia,83,2024-25,68.0,62.0,70.0,59.0,64.75,0,False,False,-17.75,-26.0,4,True,https://www.docente.it/migliori-scuole/busto-arsizio,
rovigo,ROVIGO,ROVIGO,Veneto,56,2024-25,68.0,64.0,65.0,61.0,64.5,0,False,False,-18.0,-24.0,4,True,https://www.docente.it/migliori-scuole/rovigo,
chivasso,CHIVASSO,TORINO,Piemonte,26,2024-25,70.0,59.0,65.0,64.0,64.5,0,False,False,-18.0,-28.0,4,True,https://www.docente.it/migliori-scuole/chivasso,
fidenza,FIDENZA,PARMA,Emilia-Romagna,27,2024-25,60.0,59.0,68.0,71.0,64.5,0,False,False,-18.0,-28.0,4,True,https://www.docente.it/migliori-scuole/fidenza,
breno,BRENO,BRESCIA,Lombardia,11,2024-25,72.0,66.0,64.0,56.0,64.5,0,False,False,-18.0,-29.0,4,True,https://www.docente.it/migliori-scuole/breno,
modena,MODENA,MODENA,Emilia-Romagna,160,2024-25,66.0,66.0,61.0,64.0,64.25,0,False,False,-18.25,-21.0,4,True,https://www.docente.it/migliori-scuole/modena,
san-donato-milanese,SAN DONATO MILANESE,MILANO,Lombardia,25,2024-25,65.0,64.0,65.0,63.0,64.25,0,False,False,-18.25,-23.0,4,True,https://www.docente.it/migliori-scuole/san-donato-milanese,
saluzzo,SALUZZO,CUNEO,Piemonte,24,2024-25,67.0,66.0,63.0,61.0,64.25,0,False,False,-18.25,-24.0,4,True,https://www.docente.it/migliori-scuole/saluzzo,
arona,ARONA,NOVARA,Piemonte,17,2024-25,68.0,61.0,62.0,65.0,64.0,0,False,False,-18.5,-26.0,4,True,https://www.docente.it/migliori-scuole/arona,
legnano,LEGNANO,MILANO,Lombardia,49,2024-25,66.0,67.0,60.0,62.0,63.75,0,False,False,-18.75,-23.0,4,True,https://www.docente.it/migliori-scuole/legnano,
riccione,RICCIONE,RIMINI,Emilia-Romagna,27,2024-25,67.0,64.0,63.0,61.0,63.75,0,False,False,-18.75,-24.0,4,True,https://www.docente.it/migliori-scuole/riccione,
grugliasco,GRUGLIASCO,TORINO,Piemonte,37,2024-25,69.0,62.0,59.0,64.0,63.5,0,False,False,-19.0,-25.0,4,True,https://www.docente.it/migliori-scuole/grugliasco,
parma,PARMA,PARMA,Emilia-Romagna,150,2024-25,67.0,62.0,64.0,61.0,63.5,0,False,False,-19.0,-25.0,4,True,https://www.docente.it/migliori-scuole/parma,
cinisello-balsamo,CINISELLO BALSAMO,MILANO,Lombardia,58,2024-25,65.0,65.0,65.0,59.0,63.5,0,False,False,-19.0,-26.0,4,True,https://www.docente.it/migliori-scuole/cinisello-balsamo,
imola,IMOLA,BOLOGNA,Emilia-Romagna,65,2024-25,61.0,60.0,64.0,69.0,63.5,0,False,False,-19.0,-27.0,4,True,https://www.docente.it/migliori-scuole/imola,
crema,CREMA,CREMONA,Lombardia,53,2024-25,64.0,65.0,62.0,62.0,63.25,0,False,False,-19.25,-23.0,4,True,https://www.docente.it/migliori-scuole/crema,
saronno,SARONNO,VARESE,Lombardia,48,2024-25,64.0,66.0,62.0,61.0,63.25,0,False,False,-19.25,-24.0,4,True,https://www.docente.it/migliori-scuole/saronno,
casale-monferrato,CASALE MONFERRATO,ALESSANDRIA,Piemonte,40,2024-25,64.0,63.0,63.0,62.0,63.0,0,False,False,-19.5,-24.0,4,True,https://www.docente.it/migliori-scuole/casale-monferrato,
mantova,MANTOVA,MANTOVA,Lombardia,60,2024-25,66.0,64.0,62.0,60.0,63.0,0,False,False,-19.5,-25.0,4,True,https://www.docente.it/migliori-scuole/mantova,
vignola,VIGNOLA,MODENA,Emilia-Romagna,24,2024-25,59.0,60.0,66.0,67.0,63.0,0,False,False,-19.5,-27.0,4,True,https://www.docente.it/migliori-scuole/vignola,
luino,LUINO,VARESE,Lombardia,18,2024-25,68.0,59.0,64.0,61.0,63.0,0,False,False,-19.5,-28.0,4,True,https://www.docente.it/migliori-scuole/luino,
macerata,MACERATA,MACERATA,Marche,64,2024-25,69.0,71.0,59.0,53.0,63.0,0,False,False,-19.5,-32.0,4,True,https://www.docente.it/migliori-scuole/macerata,
correggio,CORREGGIO,REGGIO EMILIA,Emilia-Romagna,32,2024-25,64.0,65.0,63.0,59.0,62.75,0,False,False,-19.75,-26.0,4,True,https://www.docente.it/migliori-scuole/correggio,
sesto-fiorentino,SESTO FIORENTINO,FIRENZE,Toscana,39,2024-25,66.0,68.0,55.0,62.0,62.75,0,False,False,-19.75,-26.0,4,True,https://www.docente.it/migliori-scuole/sesto-fiorentino,
trieste,TRIESTE,TRIESTE,Friuli-Venezia Giulia,184,2024-25,63.0,63.0,63.0,61.0,62.5,0,False,False,-20.0,-24.0,4,True,https://www.docente.it/migliori-scuole/trieste,
bologna,BOLOGNA,BOLOGNA,Emilia-Romagna,322,2024-25,67.0,64.0,59.0,60.0,62.5,0,False,False,-20.0,-25.0,4,True,https://www.docente.it/migliori-scuole/bologna,
chiari,CHIARI,BRESCIA,Lombardia,18,2024-25,69.0,64.0,54.0,63.0,62.5,0,False,False,-20.0,-27.0,4,True,https://www.docente.it/migliori-scuole/chiari,
san-vito-al-tagliamento,SAN VITO AL TAGLIAMENTO,PORDENONE,Friuli-Venezia Giulia,21,2024-25,64.0,60.0,63.0,63.0,62.5,0,False,False,-20.0,-27.0,4,True,https://www.docente.it/migliori-scuole/san-vito-al-tagliamento,
magenta,MAGENTA,MILANO,Lombardia,26,2024-25,63.0,59.0,67.0,61.0,62.5,0,False,False,-20.0,-28.0,4,True,https://www.docente.it/migliori-scuole/magenta,
genzano-di-roma,GENZANO DI ROMA,ROMA,Lazio,19,2024-25,60.0,60.0,63.0,66.0,62.25,0,False,False,-20.25,-27.0,4,True,https://www.docente.it/migliori-scuole/genzano-di-roma,
trescore-balneario,TRESCORE BALNEARIO,BERGAMO,Lombardia,11,2024-25,61.0,60.0,62.0,66.0,62.25,0,False,False,-20.25,-27.0,4,True,https://www.docente.it/migliori-scuole/trescore-balneario,
codogno,CODOGNO,LODI,Lombardia,18,2024-25,62.0,64.0,57.0,65.0,62.0,0,False,False,-20.5,-24.0,4,True,https://www.docente.it/migliori-scuole/codogno,
gorizia,GORIZIA,GORIZIA,Friuli-Venezia Giulia,55,2024-25,62.0,58.0,66.0,62.0,62.0,0,False,False,-20.5,-29.0,4,True,https://www.docente.it/migliori-scuole/gorizia,
rende,RENDE,COSENZA,Calabria,38,2024-25,74.0,65.0,61.0,48.0,62.0,0,False,False,-20.5,-37.0,4,True,https://www.docente.it/migliori-scuole/rende,
como,COMO,COMO,Lombardia,119,2024-25,65.0,61.0,63.0,58.0,61.75,0,False,False,-20.75,-27.0,4,True,https://www.docente.it/migliori-scuole/como,
grottaferrata,GROTTAFERRATA,ROMA,Lazio,26,2024-25,66.0,65.0,54.0,62.0,61.75,0,False,False,-20.75,-27.0,4,True,https://www.docente.it/migliori-scuole/grottaferrata,
fano,FANO,PESARO E URBINO,Marche,50,2024-25,67.0,65.0,60.0,55.0,61.75,0,False,False,-20.75,-30.0,4,True,https://www.docente.it/migliori-scuole/fano,
milano,MILANO,MILANO,Lombardia,926,2024-25,66.0,63.0,60.0,57.0,61.5,0,False,False,-21.0,-28.0,4,True,https://www.docente.it/migliori-scuole/milano,
cesena,CESENA,FORLI'-CESENA,Emilia-Romagna,76,2024-25,60.0,62.0,62.0,61.0,61.25,0,False,False,-21.25,-25.0,4,True,https://www.docente.it/migliori-scuole/cesena,
triggiano,TRIGGIANO,BARI,Puglia,20,2024-25,64.0,58.0,65.0,58.0,61.25,0,False,False,-21.25,-29.0,4,True,https://www.docente.it/migliori-scuole/triggiano,
civitanova-marche,CIVITANOVA MARCHE,MACERATA,Marche,47,2024-25,69.0,63.0,58.0,55.0,61.25,0,False,False,-21.25,-30.0,4,True,https://www.docente.it/migliori-scuole/civitanova-marche,
gallarate,GALLARATE,VARESE,Lombardia,56,2024-25,63.0,61.0,59.0,61.0,61.0,0,False,False,-21.5,-26.0,4,True,https://www.docente.it/migliori-scuole/gallarate,
biella,BIELLA,BIELLA,Piemonte,60,2024-25,62.0,61.0,63.0,57.0,60.75,0,False,False,-21.75,-28.0,4,True,https://www.docente.it/migliori-scuole/biella,
faenza,FAENZA,RAVENNA,Emilia-Romagna,42,2024-25,59.0,65.0,57.0,61.0,60.5,0,False,False,-22.0,-24.0,4,True,https://www.docente.it/migliori-scuole/faenza,
vigevano,VIGEVANO,PAVIA,Lombardia,56,2024-25,65.0,60.0,61.0,56.0,60.5,0,False,False,-22.0,-29.0,4,True,https://www.docente.it/migliori-scuole/vigevano,
ivrea,IVREA,TORINO,Piemonte,36,2024-25,64.0,64.0,59.0,55.0,60.5,0,False,False,-22.0,-30.0,4,True,https://www.docente.it/migliori-scuole/ivrea,
santa-teresa-di-riva,SANTA TERESA DI RIVA,MESSINA,Sicilia,18,2024-25,71.0,56.0,58.0,57.0,60.5,0,False,False,-22.0,-31.0,4,True,https://www.docente.it/migliori-scuole/santa-teresa-di-riva,
pavia,PAVIA,PAVIA,Lombardia,90,2024-25,63.0,63.0,57.0,58.0,60.25,0,False,False,-22.25,-27.0,4,True,https://www.docente.it/migliori-scuole/pavia,
portogruaro,PORTOGRUARO,VENEZIA,Veneto,33,2024-25,66.0,60.0,58.0,57.0,60.25,0,False,False,-22.25,-28.0,4,True,https://www.docente.it/migliori-scuole/portogruaro,
varese,VARESE,VARESE,Lombardia,94,2024-25,64.0,58.0,63.0,56.0,60.25,0,False,False,-22.25,-29.0,4,True,https://www.docente.it/migliori-scuole/varese,
tolmezzo,TOLMEZZO,UDINE,Friuli-Venezia Giulia,28,2024-25,68.0,68.0,50.0,55.0,60.25,0,False,False,-22.25,-31.0,4,True,https://www.docente.it/migliori-scuole/tolmezzo,
treviglio,TREVIGLIO,BERGAMO,Lombardia,49,2024-25,66.0,56.0,61.0,58.0,60.25,0,False,False,-22.25,-31.0,4,True,https://www.docente.it/migliori-scuole/treviglio,
montesilvano,MONTESILVANO,PESCARA,Abruzzo,36,2024-25,68.0,70.0,50.0,53.0,60.25,0,False,False,-22.25,-32.0,4,True,https://www.docente.it/migliori-scuole/montesilvano,
desenzano-del-garda,DESENZANO DEL GARDA,BRESCIA,Lombardia,23,2024-25,65.0,61.0,54.0,60.0,60.0,0,False,False,-22.5,-27.0,4,True,https://www.docente.it/migliori-scuole/desenzano-del-garda,
rho,RHO,MILANO,Lombardia,47,2024-25,66.0,61.0,57.0,56.0,60.0,0,False,False,-22.5,-29.0,4,True,https://www.docente.it/migliori-scuole/rho,
susa,SUSA,TORINO,Piemonte,13,2024-25,61.0,53.0,66.0,60.0,60.0,0,False,False,-22.5,-34.0,4,True,https://www.docente.it/migliori-scuole/susa,
terni,TERNI,TERNI,Umbria,105,2024-25,65.0,62.0,58.0,54.0,59.75,0,False,False,-22.75,-31.0,4,True,https://www.docente.it/migliori-scuole/terni,
mercato-san-severino,MERCATO SAN SEVERINO,SALERNO,Campania,35,2024-25,64.0,52.0,63.0,60.0,59.75,0,False,False,-22.75,-35.0,4,True,https://www.docente.it/migliori-scuole/mercato-san-severino,
jesi,JESI,ANCONA,Marche,45,2024-25,58.0,62.0,59.0,59.0,59.5,0,False,False,-23.0,-26.0,4,True,https://www.docente.it/migliori-scuole/jesi,
melegnano,MELEGNANO,MILANO,Lombardia,20,2024-25,65.0,58.0,59.0,56.0,59.5,0,False,False,-23.0,-29.0,4,True,https://www.docente.it/migliori-scuole/melegnano,
pieve-del-grappa,PIEVE DEL GRAPPA,TREVISO,Veneto,12,2024-25,66.0,62.0,50.0,60.0,59.5,0,False,False,-23.0,-31.0,4,True,https://www.docente.it/migliori-scuole/pieve-del-grappa,
recanati,RECANATI,MACERATA,Marche,24,2024-25,68.0,65.0,52.0,53.0,59.5,0,False,False,-23.0,-32.0,4,True,https://www.docente.it/migliori-scuole/recanati,
romano-di-lombardia,ROMANO DI LOMBARDIA,BERGAMO,Lombardia,19,2024-25,66.0,63.0,59.0,50.0,59.5,0,False,False,-23.0,-35.0,4,True,https://www.docente.it/migliori-scuole/romano-di-lombardia,
gorgonzola,GORGONZOLA,MILANO,Lombardia,20,2024-25,56.0,62.0,53.0,66.0,59.25,0,False,False,-23.25,-28.0,4,True,https://www.docente.it/migliori-scuole/gorgonzola,
chieri,CHIERI,TORINO,Piemonte,37,2024-25,64.0,55.0,59.0,59.0,59.25,0,False,False,-23.25,-32.0,4,True,https://www.docente.it/migliori-scuole/chieri,
tricase,TRICASE,LECCE,Puglia,20,2024-25,67.0,57.0,61.0,52.0,59.25,0,False,False,-23.25,-33.0,4,True,https://www.docente.it/migliori-scuole/tricase,
ovada,OVADA,ALESSANDRIA,Piemonte,17,2024-25,54.0,59.0,61.0,62.0,59.0,0,False,False,-23.5,-28.0,4,True,https://www.docente.it/migliori-scuole/ovada,
abbiategrasso,ABBIATEGRASSO,MILANO,Lombardia,24,2024-25,63.0,58.0,59.0,56.0,59.0,0,False,False,-23.5,-29.0,4,True,https://www.docente.it/migliori-scuole/abbiategrasso,
rimini,RIMINI,RIMINI,Emilia-Romagna,125,2024-25,61.0,58.0,59.0,58.0,59.0,0,False,False,-23.5,-29.0,4,True,https://www.docente.it/migliori-scuole/rimini,
vasto,VASTO,CHIETI,Abruzzo,40,2024-25,68.0,59.0,59.0,50.0,59.0,0,False,False,-23.5,-35.0,4,True,https://www.docente.it/migliori-scuole/vasto,
maglie,MAGLIE,LECCE,Puglia,28,2024-25,64.0,57.0,60.0,54.0,58.75,0,False,False,-23.75,-31.0,4,True,https://www.docente.it/migliori-scuole/maglie,
dolo,DOLO,VENEZIA,Veneto,16,2024-25,59.0,60.0,58.0,57.0,58.5,0,False,False,-24.0,-28.0,4,True,https://www.docente.it/migliori-scuole/dolo,
venezia,VENEZIA,VENEZIA,Veneto,233,2024-25,64.0,60.0,57.0,53.0,58.5,0,False,False,-24.0,-32.0,4,True,https://www.docente.it/migliori-scuole/venezia,
montagnana,MONTAGNANA,PADOVA,Veneto,17,2024-25,65.0,55.0,62.0,52.0,58.5,0,False,False,-24.0,-33.0,4,True,https://www.docente.it/migliori-scuole/montagnana,
sacile,SACILE,PORDENONE,Friuli-Venezia Giulia,24,2024-25,62.0,54.0,65.0,53.0,58.5,0,False,False,-24.0,-33.0,4,True,https://www.docente.it/migliori-scuole/sacile,
abano-terme,ABANO TERME,PADOVA,Veneto,16,2024-25,57.0,61.0,51.0,64.0,58.25,0,False,False,-24.25,-30.0,4,True,https://www.docente.it/migliori-scuole/abano-terme,
fermo,FERMO,FERMO,Marche,59,2024-25,65.0,62.0,54.0,52.0,58.25,0,False,False,-24.25,-33.0,4,True,https://www.docente.it/migliori-scuole/fermo,
chiavari,CHIAVARI,GENOVA,Liguria,36,2024-25,62.0,48.0,67.0,56.0,58.25,0,False,False,-24.25,-39.0,4,True,https://www.docente.it/migliori-scuole/chiavari,
castelfranco-veneto,CASTELFRANCO VENETO,TREVISO,Veneto,48,2024-25,57.0,58.0,57.0,60.0,58.0,0,False,False,-24.5,-29.0,4,True,https://www.docente.it/migliori-scuole/castelfranco-veneto,
pontedera,PONTEDERA,PISA,Toscana,36,2024-25,62.0,61.0,53.0,55.0,57.75,0,False,False,-24.75,-30.0,4,True,https://www.docente.it/migliori-scuole/pontedera,
savigliano,SAVIGLIANO,CUNEO,Piemonte,22,2024-25,56.0,60.0,51.0,64.0,57.75,0,False,False,-24.75,-30.0,4,True,https://www.docente.it/migliori-scuole/savigliano,
perugia,PERUGIA,PERUGIA,Umbria,176,2024-25,62.0,59.0,58.0,52.0,57.75,0,False,False,-24.75,-33.0,4,True,https://www.docente.it/migliori-scuole/perugia,
voghera,VOGHERA,PAVIA,Lombardia,42,2024-25,66.0,59.0,55.0,51.0,57.75,0,False,False,-24.75,-34.0,4,True,https://www.docente.it/migliori-scuole/voghera,
arezzo,AREZZO,AREZZO,Toscana,98,2024-25,62.0,58.0,56.0,54.0,57.5,0,False,False,-25.0,-31.0,4,True,https://www.docente.it/migliori-scuole/arezzo,
asti,ASTI,ASTI,Piemonte,77,2024-25,60.0,56.0,57.0,57.0,57.5,0,False,False,-25.0,-31.0,4,True,https://www.docente.it/migliori-scuole/asti,
piacenza,PIACENZA,PIACENZA,Emilia-Romagna,95,2024-25,60.0,55.0,59.0,56.0,57.5,0,False,False,-25.0,-32.0,4,True,https://www.docente.it/migliori-scuole/piacenza,
gravina-in-puglia,GRAVINA IN PUGLIA,BARI,Puglia,41,2024-25,62.0,60.0,53.0,54.0,57.25,0,False,False,-25.25,-31.0,4,True,https://www.docente.it/migliori-scuole/gravina-in-puglia,
legnago,LEGNAGO,VERONA,Veneto,35,2024-25,60.0,54.0,56.0,59.0,57.25,0,False,False,-25.25,-33.0,4,True,https://www.docente.it/migliori-scuole/legnago,
castellanza,CASTELLANZA,VARESE,Lombardia,20,2024-25,51.0,62.0,47.0,69.0,57.25,0,False,False,-25.25,-34.0,4,True,https://www.docente.it/migliori-scuole/castellanza,
cividale-del-friuli,CIVIDALE DEL FRIULI,UDINE,Friuli-Venezia Giulia,20,2024-25,63.0,68.0,53.0,45.0,57.25,0,False,False,-25.25,-40.0,4,True,https://www.docente.it/migliori-scuole/cividale-del-friuli,
cremona,CREMONA,CREMONA,Lombardia,77,2024-25,58.0,56.0,57.0,57.0,57.0,0,False,False,-25.5,-31.0,4,True,https://www.docente.it/migliori-scuole/cremona,
tortona,TORTONA,ALESSANDRIA,Piemonte,23,2024-25,62.0,54.0,57.0,55.0,57.0,0,False,False,-25.5,-33.0,4,True,https://www.docente.it/migliori-scuole/tortona,
osimo,OSIMO,ANCONA,Marche,41,2024-25,62.0,56.0,54.0,55.0,56.75,0,False,False,-25.75,-31.0,4,True,https://www.docente.it/migliori-scuole/osimo,
alba,ALBA,CUNEO,Piemonte,46,2024-25,58.0,59.0,57.0,53.0,56.75,0,False,False,-25.75,-32.0,4,True,https://www.docente.it/migliori-scuole/alba,
torino,TORINO,TORINO,Piemonte,616,2024-25,61.0,57.0,57.0,52.0,56.75,0,False,False,-25.75,-33.0,4,True,https://www.docente.it/migliori-scuole/torino,
manduria,MANDURIA,TARANTO,Puglia,23,2024-25,65.0,51.0,62.0,49.0,56.75,0,False,False,-25.75,-36.0,4,True,https://www.docente.it/migliori-scuole/manduria,
eboli,EBOLI,SALERNO,Campania,41,2024-25,64.0,59.0,50.0,53.0,56.5,0,False,False,-26.0,-32.0,4,True,https://www.docente.it/migliori-scuole/eboli,
oderzo,ODERZO,TREVISO,Veneto,22,2024-25,60.0,60.0,49.0,57.0,56.5,0,False,False,-26.0,-32.0,4,True,https://www.docente.it/migliori-scuole/oderzo,
carrara,CARRARA,MASSA-CARRARA,Toscana,69,2024-25,62.0,55.0,57.0,52.0,56.5,0,False,False,-26.0,-33.0,4,True,https://www.docente.it/migliori-scuole/carrara,
fondi,FONDI,LATINA,Lazio,35,2024-25,56.0,52.0,59.0,59.0,56.5,0,False,False,-26.0,-35.0,4,True,https://www.docente.it/migliori-scuole/fondi,
chiavenna,CHIAVENNA,SONDRIO,Lombardia,13,2024-25,53.0,50.0,64.0,59.0,56.5,0,False,False,-26.0,-37.0,4,True,https://www.docente.it/migliori-scuole/chiavenna,
volterra,VOLTERRA,PISA,Toscana,20,2024-25,58.0,49.0,64.0,55.0,56.5,0,False,False,-26.0,-38.0,4,True,https://www.docente.it/migliori-scuole/volterra,
todi,TODI,PERUGIA,Umbria,21,2024-25,72.0,62.0,46.0,46.0,56.5,0,False,False,-26.0,-39.0,4,True,https://www.docente.it/migliori-scuole/todi,
somma-vesuviana,SOMMA VESUVIANA,NAPOLI,Campania,32,2024-25,54.0,56.0,55.0,60.0,56.25,0,False,False,-26.25,-31.0,4,True,https://www.docente.it/migliori-scuole/somma-vesuviana,
sanremo,SANREMO,IMPERIA,Liguria,56,2024-25,61.0,55.0,60.0,49.0,56.25,0,False,False,-26.25,-36.0,4,True,https://www.docente.it/migliori-scuole/sanremo,
ancona,ANCONA,ANCONA,Marche,101,2024-25,56.0,56.0,57.0,55.0,56.0,0,False,False,-26.5,-31.0,4,True,https://www.docente.it/migliori-scuole/ancona,
cernusco-sul-naviglio,CERNUSCO SUL NAVIGLIO,MILANO,Lombardia,19,2024-25,59.0,54.0,60.0,51.0,56.0,0,False,False,-26.5,-34.0,4,True,https://www.docente.it/migliori-scuole/cernusco-sul-naviglio,
agrigento,AGRIGENTO,AGRIGENTO,Sicilia,73,2024-25,64.0,54.0,57.0,49.0,56.0,0,False,False,-26.5,-36.0,4,True,https://www.docente.it/migliori-scuole/agrigento,
pistoia,PISTOIA,PISTOIA,Toscana,89,2024-25,56.0,54.0,55.0,58.0,55.75,0,False,False,-26.75,-33.0,4,True,https://www.docente.it/migliori-scuole/pistoia,
benevento,BENEVENTO,BENEVENTO,Campania,82,2024-25,63.0,55.0,54.0,51.0,55.75,0,False,False,-26.75,-34.0,4,True,https://www.docente.it/migliori-scuole/benevento,
gemona-del-friuli,GEMONA DEL FRIULI,UDINE,Friuli-Venezia Giulia,18,2024-25,54.0,53.0,60.0,56.0,55.75,0,False,False,-26.75,-34.0,4,True,https://www.docente.it/migliori-scuole/gemona-del-friuli,
rivoli,RIVOLI,TORINO,Piemonte,52,2024-25,63.0,56.0,53.0,51.0,55.75,0,False,False,-26.75,-34.0,4,True,https://www.docente.it/migliori-scuole/rivoli,
borgosesia,BORGOSESIA,VERCELLI,Piemonte,16,2024-25,61.0,51.0,56.0,54.0,55.5,0,False,False,-27.0,-36.0,4,True,https://www.docente.it/migliori-scuole/borgosesia,
carpi,CARPI,MODENA,Emilia-Romagna,60,2024-25,53.0,50.0,59.0,60.0,55.5,0,False,False,-27.0,-37.0,4,True,https://www.docente.it/migliori-scuole/carpi,
domodossola,DOMODOSSOLA,VERBANO-CUSIO-OSSOLA,Piemonte,24,2024-25,58.0,50.0,57.0,57.0,55.5,0,False,False,-27.0,-37.0,4,True,https://www.docente.it/migliori-scuole/domodossola,
marano-di-napoli,MARANO DI NAPOLI,NAPOLI,Campania,48,2024-25,65.0,53.0,59.0,45.0,55.5,0,False,False,-27.0,-40.0,4,True,https://www.docente.it/migliori-scuole/marano-di-napoli,
siena,SIENA,SIENA,Toscana,65,2024-25,59.0,54.0,53.0,55.0,55.25,0,False,False,-27.25,-33.0,4,True,https://www.docente.it/migliori-scuole/siena,
campobasso,CAMPOBASSO,CAMPOBASSO,Molise,60,2024-25,63.0,56.0,54.0,48.0,55.25,0,False,False,-27.25,-37.0,4,True,https://www.docente.it/migliori-scuole/campobasso,
roseto-degli-abruzzi,ROSETO DEGLI ABRUZZI,TERAMO,Abruzzo,27,2024-25,60.0,50.0,61.0,50.0,55.25,0,False,False,-27.25,-37.0,4,True,https://www.docente.it/migliori-scuole/roseto-degli-abruzzi,
ascoli-piceno,ASCOLI PICENO,ASCOLI PICENO,Marche,68,2024-25,60.0,57.0,52.0,51.0,55.0,0,False,False,-27.5,-34.0,4,True,https://www.docente.it/migliori-scuole/ascoli-piceno,
casarano,CASARANO,LECCE,Puglia,27,2024-25,59.0,57.0,53.0,51.0,55.0,0,False,False,-27.5,-34.0,4,True,https://www.docente.it/migliori-scuole/casarano,
chioggia,CHIOGGIA,VENEZIA,Veneto,39,2024-25,61.0,58.0,50.0,51.0,55.0,0,False,False,-27.5,-34.0,4,True,https://www.docente.it/migliori-scuole/chioggia,
pinerolo,PINEROLO,TORINO,Piemonte,45,2024-25,60.0,54.0,56.0,50.0,55.0,0,False,False,-27.5,-35.0,4,True,https://www.docente.it/migliori-scuole/pinerolo,
cecina,CECINA,LIVORNO,Toscana,28,2024-25,62.0,58.0,54.0,46.0,55.0,0,False,False,-27.5,-39.0,4,True,https://www.docente.it/migliori-scuole/cecina,
reggio-di-calabria,REGGIO DI CALABRIA,REGGIO CALABRIA,Calabria,209,2024-25,57.0,53.0,55.0,54.0,54.75,0,False,False,-27.75,-34.0,4,True,https://www.docente.it/migliori-scuole/reggio-di-calabria,
monfalcone,MONFALCONE,GORIZIA,Friuli-Venezia Giulia,26,2024-25,53.0,51.0,61.0,54.0,54.75,0,False,False,-27.75,-36.0,4,True,https://www.docente.it/migliori-scuole/monfalcone,
fabriano,FABRIANO,ANCONA,Marche,35,2024-25,63.0,58.0,52.0,46.0,54.75,0,False,False,-27.75,-39.0,4,True,https://www.docente.it/migliori-scuole/fabriano,
rapallo,RAPALLO,GENOVA,Liguria,24,2024-25,60.0,59.0,55.0,45.0,54.75,0,False,False,-27.75,-40.0,4,True,https://www.docente.it/migliori-scuole/rapallo,
novara,NOVARA,NOVARA,Piemonte,101,2024-25,58.0,55.0,51.0,54.0,54.5,0,False,False,-28.0,-32.0,4,True,https://www.docente.it/migliori-scuole/novara,
sassuolo,SASSUOLO,MODENA,Emilia-Romagna,47,2024-25,55.0,54.0,55.0,54.0,54.5,0,False,False,-28.0,-33.0,4,True,https://www.docente.it/migliori-scuole/sassuolo,
maddaloni,MADDALONI,CASERTA,Campania,50,2024-25,61.0,57.0,49.0,51.0,54.5,0,False,False,-28.0,-34.0,4,True,https://www.docente.it/migliori-scuole/maddaloni,
avezzano,AVEZZANO,L'AQUILA,Abruzzo,53,2024-25,60.0,54.0,54.0,50.0,54.5,0,False,False,-28.0,-35.0,4,True,https://www.docente.it/migliori-scuole/avezzano,
orvieto,ORVIETO,TERNI,Umbria,27,2024-25,61.0,51.0,60.0,46.0,54.5,0,False,False,-28.0,-39.0,4,True,https://www.docente.it/migliori-scuole/orvieto,
spoleto,SPOLETO,PERUGIA,Umbria,53,2024-25,56.0,46.0,62.0,54.0,54.5,0,False,False,-28.0,-41.0,4,True,https://www.docente.it/migliori-scuole/spoleto,
cento,CENTO,FERRARA,Emilia-Romagna,45,2024-25,56.0,55.0,53.0,53.0,54.25,0,False,False,-28.25,-32.0,4,True,https://www.docente.it/migliori-scuole/cento,
isernia,ISERNIA,ISERNIA,Molise,33,2024-25,64.0,52.0,52.0,49.0,54.25,0,False,False,-28.25,-36.0,4,True,https://www.docente.it/migliori-scuole/isernia,
alessandria,ALESSANDRIA,ALESSANDRIA,Piemonte,83,2024-25,57.0,50.0,57.0,53.0,54.25,0,False,False,-28.25,-37.0,4,True,https://www.docente.it/migliori-scuole/alessandria,
gubbio,GUBBIO,PERUGIA,Umbria,37,2024-25,60.0,52.0,57.0,48.0,54.25,0,False,False,-28.25,-37.0,4,True,https://www.docente.it/migliori-scuole/gubbio,
sansepolcro,SANSEPOLCRO,AREZZO,Toscana,21,2024-25,56.0,54.0,60.0,47.0,54.25,0,False,False,-28.25,-38.0,4,True,https://www.docente.it/migliori-scuole/sansepolcro,
adria,ADRIA,ROVIGO,Veneto,31,2024-25,62.0,59.0,52.0,44.0,54.25,0,False,False,-28.25,-41.0,4,True,https://www.docente.it/migliori-scuole/adria,
barletta,BARLETTA,BARLETTA-ANDRIA-TRANI,Puglia,61,2024-25,57.0,52.0,56.0,51.0,54.0,0,False,False,-28.5,-35.0,4,True,https://www.docente.it/migliori-scuole/barletta,
pescara,PESCARA,PESCARA,Abruzzo,119,2024-25,62.0,55.0,54.0,45.0,54.0,0,False,False,-28.5,-40.0,4,True,https://www.docente.it/migliori-scuole/pescara,
mirandola,MIRANDOLA,MODENA,Emilia-Romagna,22,2024-25,51.0,53.0,51.0,60.0,53.75,0,False,False,-28.75,-34.0,4,True,https://www.docente.it/migliori-scuole/mirandola,
ceccano,CECCANO,FROSINONE,Lazio,24,2024-25,65.0,57.0,51.0,41.0,53.5,0,False,False,-29.0,-44.0,4,True,https://www.docente.it/migliori-scuole/ceccano,
francavilla-fontana,FRANCAVILLA FONTANA,BRINDISI,Puglia,37,2024-25,51.0,53.0,51.0,58.0,53.25,0,False,False,-29.25,-34.0,4,True,https://www.docente.it/migliori-scuole/francavilla-fontana,
pavullo-nel-frignano,PAVULLO NEL FRIGNANO,MODENA,Emilia-Romagna,20,2024-25,52.0,52.0,55.0,54.0,53.25,0,False,False,-29.25,-35.0,4,True,https://www.docente.it/migliori-scuole/pavullo-nel-frignano,
novi-ligure,NOVI LIGURE,ALESSANDRIA,Piemonte,27,2024-25,56.0,56.0,52.0,49.0,53.25,0,False,False,-29.25,-36.0,4,True,https://www.docente.it/migliori-scuole/novi-ligure,
chieti,CHIETI,CHIETI,Abruzzo,63,2024-25,61.0,52.0,53.0,47.0,53.25,0,False,False,-29.25,-38.0,4,True,https://www.docente.it/migliori-scuole/chieti,
sorrento,SORRENTO,NAPOLI,Campania,26,2024-25,63.0,51.0,53.0,46.0,53.25,0,False,False,-29.25,-39.0,4,True,https://www.docente.it/migliori-scuole/sorrento,
melfi,MELFI,POTENZA,Basilicata,33,2024-25,54.0,47.0,55.0,57.0,53.25,0,False,False,-29.25,-40.0,4,True,https://www.docente.it/migliori-scuole/melfi,
galatina,GALATINA,LECCE,Puglia,29,2024-25,60.0,54.0,57.0,42.0,53.25,0,False,False,-29.25,-43.0,4,True,https://www.docente.it/migliori-scuole/galatina,
pisa,PISA,PISA,Toscana,105,2024-25,55.0,53.0,52.0,52.0,53.0,0,False,False,-29.5,-34.0,4,True,https://www.docente.it/migliori-scuole/pisa,
savona,SAVONA,SAVONA,Liguria,61,2024-25,56.0,53.0,51.0,52.0,53.0,0,False,False,-29.5,-34.0,4,True,https://www.docente.it/migliori-scuole/savona,
empoli,EMPOLI,FIRENZE,Toscana,56,2024-25,57.0,50.0,53.0,52.0,53.0,0,False,False,-29.5,-37.0,4,True,https://www.docente.it/migliori-scuole/empoli,
foligno,FOLIGNO,PERUGIA,Umbria,60,2024-25,63.0,53.0,49.0,47.0,53.0,0,False,False,-29.5,-38.0,4,True,https://www.docente.it/migliori-scuole/foligno,
matera,MATERA,MATERA,Basilicata,70,2024-25,62.0,52.0,51.0,47.0,53.0,0,False,False,-29.5,-38.0,4,True,https://www.docente.it/migliori-scuole/matera,
bra,BRA,CUNEO,Piemonte,29,2024-25,62.0,53.0,47.0,49.0,52.75,0,False,False,-29.75,-36.0,4,True,https://www.docente.it/migliori-scuole/bra,
lecce,LECCE,LECCE,Puglia,109,2024-25,60.0,52.0,53.0,46.0,52.75,0,False,False,-29.75,-39.0,4,True,https://www.docente.it/migliori-scuole/lecce,
giarre,GIARRE,CATANIA,Sicilia,62,2024-25,58.0,47.0,56.0,50.0,52.75,0,False,False,-29.75,-40.0,4,True,https://www.docente.it/migliori-scuole/giarre,
lugo,LUGO,RAVENNA,Emilia-Romagna,30,2024-25,51.0,53.0,54.0,52.0,52.5,0,False,False,-30.0,-34.0,4,True,https://www.docente.it/migliori-scuole/lugo,
acireale,ACIREALE,CATANIA,Sicilia,83,2024-25,62.0,45.0,54.0,49.0,52.5,0,False,False,-30.0,-42.0,4,True,https://www.docente.it/migliori-scuole/acireale,
ferrara,FERRARA,FERRARA,Emilia-Romagna,113,2024-25,55.0,51.0,52.0,51.0,52.25,0,False,False,-30.25,-36.0,4,True,https://www.docente.it/migliori-scuole/ferrara,
viterbo,VITERBO,VITERBO,Lazio,73,2024-25,63.0,52.0,51.0,43.0,52.25,0,False,False,-30.25,-42.0,4,True,https://www.docente.it/migliori-scuole/viterbo,
assisi,ASSISI,PERUGIA,Umbria,41,2024-25,63.0,52.0,47.0,46.0,52.0,0,False,False,-30.5,-39.0,4,True,https://www.docente.it/migliori-scuole/assisi,
imperia,IMPERIA,IMPERIA,Liguria,51,2024-25,54.0,48.0,54.0,52.0,52.0,0,False,False,-30.5,-39.0,4,True,https://www.docente.it/migliori-scuole/imperia,
marcianise,MARCIANISE,CASERTA,Campania,64,2024-25,47.0,46.0,60.0,55.0,52.0,0,False,False,-30.5,-41.0,4,True,https://www.docente.it/migliori-scuole/marcianise,
meda,MEDA,MONZA E DELLA BRIANZA,Lombardia,15,2024-25,57.0,51.0,56.0,44.0,52.0,0,False,False,-30.5,-41.0,4,True,https://www.docente.it/migliori-scuole/meda,
casalecchio-di-reno,CASALECCHIO DI RENO,BOLOGNA,Emilia-Romagna,25,2024-25,55.0,53.0,49.0,50.0,51.75,0,False,False,-30.75,-35.0,4,True,https://www.docente.it/migliori-scuole/casalecchio-di-reno,
potenza,POTENZA,POTENZA,Basilicata,76,2024-25,59.0,50.0,51.0,47.0,51.75,0,False,False,-30.75,-38.0,4,True,https://www.docente.it/migliori-scuole/potenza,
san-benedetto-del-tronto,SAN BENEDETTO DEL TRONTO,ASCOLI PICENO,Marche,49,2024-25,58.0,52.0,50.0,47.0,51.75,0,False,False,-30.75,-38.0,4,True,https://www.docente.it/migliori-scuole/san-benedetto-del-tronto,
senigallia,SENIGALLIA,ANCONA,Marche,49,2024-25,58.0,49.0,51.0,49.0,51.75,0,False,False,-30.75,-38.0,4,True,https://www.docente.it/migliori-scuole/senigallia,
lanciano,LANCIANO,CHIETI,Abruzzo,42,2024-25,58.0,50.0,53.0,46.0,51.75,0,False,False,-30.75,-39.0,4,True,https://www.docente.it/migliori-scuole/lanciano,
colleferro,COLLEFERRO,ROMA,Lazio,30,2024-25,64.0,61.0,45.0,37.0,51.75,0,False,False,-30.75,-48.0,4,True,https://www.docente.it/migliori-scuole/colleferro,
arco,ARCO,TRENTO,Trentino-Alto Adige,10,2024-25,60.0,72.0,43.0,32.0,51.75,0,False,False,-30.75,-53.0,4,True,https://www.docente.it/migliori-scuole/arco,
sesto-san-giovanni,SESTO SAN GIOVANNI,MILANO,Lombardia,60,2024-25,54.0,50.0,49.0,53.0,51.5,0,False,False,-31.0,-37.0,4,True,https://www.docente.it/migliori-scuole/sesto-san-giovanni,
comiso,COMISO,RAGUSA,Sicilia,36,2024-25,60.0,55.0,46.0,45.0,51.5,0,False,False,-31.0,-40.0,4,True,https://www.docente.it/migliori-scuole/comiso,
lucca,LUCCA,LUCCA,Toscana,99,2024-25,54.0,50.0,51.0,50.0,51.25,0,False,False,-31.25,-37.0,4,True,https://www.docente.it/migliori-scuole/lucca,
ragusa,RAGUSA,RAGUSA,Sicilia,82,2024-25,57.0,48.0,49.0,51.0,51.25,0,False,False,-31.25,-39.0,4,True,https://www.docente.it/migliori-scuole/ragusa,
castelvetrano,CASTELVETRANO,TRAPANI,Sicilia,38,2024-25,55.0,52.0,53.0,45.0,51.25,0,False,False,-31.25,-40.0,4,True,https://www.docente.it/migliori-scuole/castelvetrano,
patti,PATTI,MESSINA,Sicilia,24,2024-25,64.0,46.0,50.0,45.0,51.25,0,False,False,-31.25,-41.0,4,True,https://www.docente.it/migliori-scuole/patti,
villa-san-giovanni,VILLA SAN GIOVANNI,REGGIO CALABRIA,Calabria,21,2024-25,47.0,44.0,54.0,60.0,51.25,0,False,False,-31.25,-43.0,4,True,https://www.docente.it/migliori-scuole/villa-san-giovanni,
vairano-patenora,VAIRANO PATENORA,CASERTA,Campania,18,2024-25,55.0,35.0,58.0,57.0,51.25,0,False,False,-31.25,-52.0,4,True,https://www.docente.it/migliori-scuole/vairano-patenora,
prato,PRATO,PRATO,Toscana,162,2024-25,47.0,54.0,49.0,54.0,51.0,0,False,False,-31.5,-33.0,4,True,https://www.docente.it/migliori-scuole/prato,
borgo-san-lorenzo,BORGO SAN LORENZO,FIRENZE,Toscana,21,2024-25,49.0,51.0,52.0,52.0,51.0,0,False,False,-31.5,-36.0,4,True,https://www.docente.it/migliori-scuole/borgo-san-lorenzo,
penne,PENNE,PESCARA,Abruzzo,12,2024-25,56.0,49.0,51.0,48.0,51.0,0,False,False,-31.5,-38.0,4,True,https://www.docente.it/migliori-scuole/penne,
avellino,AVELLINO,AVELLINO,Campania,80,2024-25,56.0,51.0,51.0,46.0,51.0,0,False,False,-31.5,-39.0,4,True,https://www.docente.it/migliori-scuole/avellino,
roma,ROMA,ROMA,Lazio,2150,2024-25,60.0,51.0,50.0,43.0,51.0,0,False,False,-31.5,-42.0,4,True,https://www.docente.it/migliori-scuole/roma,
bitonto,BITONTO,BARI,Puglia,51,2024-25,58.0,50.0,48.0,47.0,50.75,0,False,False,-31.75,-38.0,4,True,https://www.docente.it/migliori-scuole/bitonto,
genova,GENOVA,GENOVA,Liguria,461,2024-25,54.0,49.0,52.0,48.0,50.75,0,False,False,-31.75,-38.0,4,True,https://www.docente.it/migliori-scuole/genova,
caluso,CALUSO,TORINO,Piemonte,16,2024-25,57.0,49.0,51.0,46.0,50.75,0,False,False,-31.75,-39.0,4,True,https://www.docente.it/migliori-scuole/caluso,
salerno,SALERNO,SALERNO,Campania,159,2024-25,61.0,48.0,50.0,44.0,50.75,0,False,False,-31.75,-41.0,4,True,https://www.docente.it/migliori-scuole/salerno,
ischia,ISCHIA,NAPOLI,Campania,19,2024-25,63.0,49.0,52.0,39.0,50.75,0,False,False,-31.75,-46.0,4,True,https://www.docente.it/migliori-scuole/ischia,
cicciano,CICCIANO,NAPOLI,Campania,20,2024-25,52.0,48.0,50.0,52.0,50.5,0,False,False,-32.0,-39.0,4,True,https://www.docente.it/migliori-scuole/cicciano,
alatri,ALATRI,FROSINONE,Lazio,33,2024-25,60.0,53.0,44.0,45.0,50.5,0,False,False,-32.0,-40.0,4,True,https://www.docente.it/migliori-scuole/alatri,
pesaro,PESARO,PESARO E URBINO,Marche,96,2024-25,59.0,52.0,46.0,45.0,50.5,0,False,False,-32.0,-40.0,4,True,https://www.docente.it/migliori-scuole/pesaro,
martina-franca,MARTINA FRANCA,TARANTO,Puglia,44,2024-25,59.0,48.0,51.0,44.0,50.5,0,False,False,-32.0,-41.0,4,True,https://www.docente.it/migliori-scuole/martina-franca,
nola,NOLA,NAPOLI,Campania,56,2024-25,58.0,55.0,45.0,44.0,50.5,0,False,False,-32.0,-41.0,4,True,https://www.docente.it/migliori-scuole/nola,
gaeta,GAETA,LATINA,Lazio,18,2024-25,56.0,61.0,39.0,46.0,50.5,0,False,False,-32.0,-42.0,4,True,https://www.docente.it/migliori-scuole/gaeta,
pescia,PESCIA,PISTOIA,Toscana,24,2024-25,57.0,56.0,47.0,42.0,50.5,0,False,False,-32.0,-43.0,4,True,https://www.docente.it/migliori-scuole/pescia,
san-severino-marche,SAN SEVERINO MARCHE,MACERATA,Marche,12,2024-25,55.0,61.0,37.0,49.0,50.5,0,False,False,-32.0,-44.0,4,True,https://www.docente.it/migliori-scuole/san-severino-marche,
san-miniato,SAN MINIATO,PISA,Toscana,26,2024-25,60.0,60.0,44.0,38.0,50.5,0,False,False,-32.0,-47.0,4,True,https://www.docente.it/migliori-scuole/san-miniato,
casapulla,CASAPULLA,CASERTA,Campania,12,2024-25,30.0,20.0,100.0,52.0,50.5,1,False,False,-32.0,-67.0,4,True,https://www.docente.it/migliori-scuole/casapulla,
sassano,SASSANO,SALERNO,Campania,9,2024-25,75.0,100.0,6.0,21.0,50.5,1,False,False,-32.0,-75.0,4,True,https://www.docente.it/migliori-scuole/sassano,
capua,CAPUA,CASERTA,Campania,32,2024-25,56.0,51.0,46.0,48.0,50.25,0,False,False,-32.25,-37.0,4,True,https://www.docente.it/migliori-scuole/capua,
la-spezia,LA SPEZIA,LA SPEZIA,Liguria,90,2024-25,54.0,47.0,50.0,50.0,50.25,0,False,False,-32.25,-40.0,4,True,https://www.docente.it/migliori-scuole/la-spezia,
santa-severina,SANTA SEVERINA,CROTONE,Calabria,11,2024-25,53.0,46.0,55.0,47.0,50.25,0,False,False,-32.25,-41.0,4,True,https://www.docente.it/migliori-scuole/santa-severina,
sulmona,SULMONA,L'AQUILA,Abruzzo,40,2024-25,58.0,50.0,49.0,44.0,50.25,0,False,False,-32.25,-41.0,4,True,https://www.docente.it/migliori-scuole/sulmona,
augusta,AUGUSTA,SIRACUSA,Sicilia,41,2024-25,54.0,45.0,52.0,50.0,50.25,0,False,False,-32.25,-42.0,4,True,https://www.docente.it/migliori-scuole/augusta,
agropoli,AGROPOLI,SALERNO,Campania,26,2024-25,56.0,44.0,51.0,50.0,50.25,0,False,False,-32.25,-43.0,4,True,https://www.docente.it/migliori-scuole/agropoli,
santa-maria-capua-vetere,SANTA MARIA CAPUA VETERE,CASERTA,Campania,57,2024-25,60.0,53.0,48.0,40.0,50.25,0,False,False,-32.25,-45.0,4,True,https://www.docente.it/migliori-scuole/santa-maria-capua-vetere,
grosseto,GROSSETO,GROSSETO,Toscana,95,2024-25,55.0,50.0,49.0,46.0,50.0,0,False,False,-32.5,-39.0,4,True,https://www.docente.it/migliori-scuole/grosseto,
taranto,TARANTO,TARANTO,Puglia,159,2024-25,57.0,47.0,50.0,45.0,49.75,0,False,False,-32.75,-40.0,4,True,https://www.docente.it/migliori-scuole/taranto,
torre-del-greco,TORRE DEL GRECO,NAPOLI,Campania,91,2024-25,51.0,46.0,53.0,49.0,49.75,0,False,False,-32.75,-41.0,4,True,https://www.docente.it/migliori-scuole/torre-del-greco,
aprilia,APRILIA,LATINA,Lazio,49,2024-25,57.0,45.0,53.0,44.0,49.75,0,False,False,-32.75,-42.0,4,True,https://www.docente.it/migliori-scuole/aprilia,
adrano,ADRANO,CATANIA,Sicilia,28,2024-25,56.0,43.0,51.0,49.0,49.75,0,False,False,-32.75,-44.0,4,True,https://www.docente.it/migliori-scuole/adrano,
santeramo-in-colle,SANTERAMO IN COLLE,BARI,Puglia,24,2024-25,46.0,53.0,43.0,56.0,49.5,0,False,False,-33.0,-38.0,4,True,https://www.docente.it/migliori-scuole/santeramo-in-colle,
bari,BARI,BARI,Puglia,252,2024-25,56.0,49.0,48.0,45.0,49.5,0,False,False,-33.0,-40.0,4,True,https://www.docente.it/migliori-scuole/bari,
andria,ANDRIA,BARLETTA-ANDRIA-TRANI,Puglia,82,2024-25,53.0,46.0,49.0,50.0,49.5,0,False,False,-33.0,-41.0,4,True,https://www.docente.it/migliori-scuole/andria,
teramo,TERAMO,TERAMO,Abruzzo,73,2024-25,54.0,51.0,50.0,43.0,49.5,0,False,False,-33.0,-42.0,4,True,https://www.docente.it/migliori-scuole/teramo,
veroli,VEROLI,FROSINONE,Lazio,30,2024-25,64.0,51.0,49.0,34.0,49.5,0,False,False,-33.0,-51.0,4,True,https://www.docente.it/migliori-scuole/veroli,
bollate,BOLLATE,MILANO,Lombardia,28,2024-25,55.0,49.0,44.0,49.0,49.25,0,False,False,-33.25,-38.0,4,True,https://www.docente.it/migliori-scuole/bollate,
manfredonia,MANFREDONIA,FOGGIA,Puglia,52,2024-25,55.0,48.0,49.0,45.0,49.25,0,False,False,-33.25,-40.0,4,True,https://www.docente.it/migliori-scuole/manfredonia,
milazzo,MILAZZO,MESSINA,Sicilia,43,2024-25,53.0,53.0,46.0,45.0,49.25,0,False,False,-33.25,-40.0,4,True,https://www.docente.it/migliori-scuole/milazzo,
termoli,TERMOLI,CAMPOBASSO,Molise,43,2024-25,55.0,56.0,42.0,44.0,49.25,0,False,False,-33.25,-41.0,4,True,https://www.docente.it/migliori-scuole/termoli,
omegna,OMEGNA,VERBANO-CUSIO-OSSOLA,Piemonte,22,2024-25,51.0,44.0,52.0,50.0,49.25,0,False,False,-33.25,-43.0,4,True,https://www.docente.it/migliori-scuole/omegna,
sora,SORA,FROSINONE,Lazio,45,2024-25,59.0,44.0,47.0,47.0,49.25,0,False,False,-33.25,-43.0,4,True,https://www.docente.it/migliori-scuole/sora,
livorno,LIVORNO,LIVORNO,Toscana,121,2024-25,49.0,49.0,50.0,48.0,49.0,0,False,False,-33.5,-38.0,4,True,https://www.docente.it/migliori-scuole/livorno,
caserta,CASERTA,CASERTA,Campania,110,2024-25,55.0,45.0,48.0,48.0,49.0,0,False,False,-33.5,-42.0,4,True,https://www.docente.it/migliori-scuole/caserta,
mortara,MORTARA,PAVIA,Lombardia,12,2024-25,50.0,45.0,57.0,44.0,49.0,0,False,False,-33.5,-42.0,4,True,https://www.docente.it/migliori-scuole/mortara,
ostuni,OSTUNI,BRINDISI,Puglia,15,2024-25,54.0,54.0,45.0,43.0,49.0,0,False,False,-33.5,-42.0,4,True,https://www.docente.it/migliori-scuole/ostuni,
vercelli,VERCELLI,VERCELLI,Piemonte,55,2024-25,55.0,45.0,49.0,47.0,49.0,0,False,False,-33.5,-42.0,4,True,https://www.docente.it/migliori-scuole/vercelli,
ventimiglia,VENTIMIGLIA,IMPERIA,Liguria,25,2024-25,54.0,49.0,53.0,40.0,49.0,0,False,False,-33.5,-45.0,4,True,https://www.docente.it/migliori-scuole/ventimiglia,
ariano-irpino,ARIANO IRPINO,AVELLINO,Campania,45,2024-25,56.0,49.0,48.0,42.0,48.75,0,False,False,-33.75,-43.0,4,True,https://www.docente.it/migliori-scuole/ariano-irpino,
gallipoli,GALLIPOLI,LECCE,Puglia,24,2024-25,54.0,44.0,49.0,48.0,48.75,0,False,False,-33.75,-43.0,4,True,https://www.docente.it/migliori-scuole/gallipoli,
trani,TRANI,BARLETTA-ANDRIA-TRANI,Puglia,37,2024-25,58.0,50.0,48.0,39.0,48.75,0,False,False,-33.75,-46.0,4,True,https://www.docente.it/migliori-scuole/trani,
paola,PAOLA,COSENZA,Calabria,33,2024-25,55.0,58.0,46.0,36.0,48.75,0,False,False,-33.75,-49.0,4,True,https://www.docente.it/migliori-scuole/paola,
camposano,CAMPOSANO,NAPOLI,Campania,7,2024-25,80.0,80.0,21.0,14.0,48.75,1,False,False,-33.75,-71.0,4,True,https://www.docente.it/migliori-scuole/camposano,
civitavecchia,CIVITAVECCHIA,ROMA,Lazio,63,2024-25,53.0,49.0,45.0,47.0,48.5,0,False,False,-34.0,-38.0,4,True,https://www.docente.it/migliori-scuole/civitavecchia,
firenze,FIRENZE,FIRENZE,Toscana,332,2024-25,52.0,48.0,48.0,46.0,48.5,0,False,False,-34.0,-39.0,4,True,https://www.docente.it/migliori-scuole/firenze,
gragnano,GRAGNANO,NAPOLI,Campania,39,2024-25,54.0,47.0,47.0,46.0,48.5,0,False,False,-34.0,-40.0,4,True,https://www.docente.it/migliori-scuole/gragnano,
lonigo,LONIGO,VICENZA,Veneto,15,2024-25,51.0,53.0,41.0,49.0,48.5,0,False,False,-34.0,-40.0,4,True,https://www.docente.it/migliori-scuole/lonigo,
limbiate,LIMBIATE,MONZA E DELLA BRIANZA,Lombardia,27,2024-25,51.0,48.0,49.0,45.0,48.25,0,False,False,-34.25,-40.0,4,True,https://www.docente.it/migliori-scuole/limbiate,
aversa,AVERSA,CASERTA,Campania,90,2024-25,52.0,47.0,50.0,44.0,48.25,0,False,False,-34.25,-41.0,4,True,https://www.docente.it/migliori-scuole/aversa,
foggia,FOGGIA,FOGGIA,Puglia,139,2024-25,55.0,47.0,47.0,44.0,48.25,0,False,False,-34.25,-41.0,4,True,https://www.docente.it/migliori-scuole/foggia,
cerignola,CERIGNOLA,FOGGIA,Puglia,58,2024-25,57.0,47.0,46.0,43.0,48.25,0,False,False,-34.25,-42.0,4,True,https://www.docente.it/migliori-scuole/cerignola,
molfetta,MOLFETTA,BARI,Puglia,64,2024-25,56.0,53.0,42.0,42.0,48.25,0,False,False,-34.25,-43.0,4,True,https://www.docente.it/migliori-scuole/molfetta,
corato,CORATO,BARI,Puglia,43,2024-25,52.0,41.0,50.0,50.0,48.25,0,False,False,-34.25,-46.0,4,True,https://www.docente.it/migliori-scuole/corato,
castellammare-di-stabia,CASTELLAMMARE DI STABIA,NAPOLI,Campania,68,2024-25,57.0,52.0,44.0,39.0,48.0,0,False,False,-34.5,-46.0,4,True,https://www.docente.it/migliori-scuole/castellammare-di-stabia,
monopoli,MONOPOLI,BARI,Puglia,41,2024-25,59.0,48.0,49.0,36.0,48.0,0,False,False,-34.5,-49.0,4,True,https://www.docente.it/migliori-scuole/monopoli,
tarquinia,TARQUINIA,VITERBO,Lazio,15,2024-25,54.0,51.0,43.0,43.0,47.75,0,False,False,-34.75,-42.0,4,True,https://www.docente.it/migliori-scuole/tarquinia,
giugliano-in-campania,GIUGLIANO IN CAMPANIA,NAPOLI,Campania,102,2024-25,48.0,45.0,48.0,49.0,47.5,0,False,False,-35.0,-42.0,4,True,https://www.docente.it/migliori-scuole/giugliano-in-campania,
policoro,POLICORO,MATERA,Basilicata,19,2024-25,48.0,45.0,48.0,49.0,47.5,0,False,False,-35.0,-42.0,4,True,https://www.docente.it/migliori-scuole/policoro,
catanzaro,CATANZARO,CATANZARO,Calabria,134,2024-25,51.0,48.0,43.0,47.0,47.25,0,False,False,-35.25,-39.0,4,True,https://www.docente.it/migliori-scuole/catanzaro,
montesarchio,MONTESARCHIO,BENEVENTO,Campania,29,2024-25,59.0,51.0,38.0,40.0,47.0,0,False,False,-35.5,-45.0,4,True,https://www.docente.it/migliori-scuole/montesarchio,
acqui-terme,ACQUI TERME,ALESSANDRIA,Piemonte,24,2024-25,58.0,49.0,42.0,39.0,47.0,0,False,False,-35.5,-46.0,4,True,https://www.docente.it/migliori-scuole/acqui-terme,
anagni,ANAGNI,FROSINONE,Lazio,36,2024-25,57.0,48.0,40.0,42.0,46.75,0,False,False,-35.75,-43.0,4,True,https://www.docente.it/migliori-scuole/anagni,
ferentino,FERENTINO,FROSINONE,Lazio,26,2024-25,42.0,44.0,50.0,51.0,46.75,0,False,False,-35.75,-43.0,4,True,https://www.docente.it/migliori-scuole/ferentino,
rieti,RIETI,RIETI,Lazio,60,2024-25,55.0,45.0,47.0,40.0,46.75,0,False,False,-35.75,-45.0,4,True,https://www.docente.it/migliori-scuole/rieti,
messina,MESSINA,MESSINA,Sicilia,277,2024-25,53.0,41.0,48.0,45.0,46.75,0,False,False,-35.75,-46.0,4,True,https://www.docente.it/migliori-scuole/messina,
canosa-di-puglia,CANOSA DI PUGLIA,BARLETTA-ANDRIA-TRANI,Puglia,26,2024-25,52.0,40.0,47.0,48.0,46.75,0,False,False,-35.75,-47.0,4,True,https://www.docente.it/migliori-scuole/canosa-di-puglia,
viareggio,VIAREGGIO,LUCCA,Toscana,57,2024-25,49.0,47.0,42.0,48.0,46.5,0,False,False,-36.0,-40.0,4,True,https://www.docente.it/migliori-scuole/viareggio,
termini-imerese,TERMINI IMERESE,PALERMO,Sicilia,38,2024-25,51.0,45.0,42.0,48.0,46.5,0,False,False,-36.0,-42.0,4,True,https://www.docente.it/migliori-scuole/termini-imerese,
afragola,AFRAGOLA,NAPOLI,Campania,59,2024-25,53.0,43.0,48.0,42.0,46.5,0,False,False,-36.0,-44.0,4,True,https://www.docente.it/migliori-scuole/afragola,
cassano-magnago,CASSANO MAGNAGO,VARESE,Lombardia,16,2024-25,36.0,30.0,60.0,60.0,46.5,0,False,False,-36.0,-57.0,4,True,https://www.docente.it/migliori-scuole/cassano-magnago,
alcamo,ALCAMO,TRAPANI,Sicilia,39,2024-25,53.0,45.0,45.0,42.0,46.25,0,False,False,-36.25,-43.0,4,True,https://www.docente.it/migliori-scuole/alcamo,
giulianova,GIULIANOVA,TERAMO,Abruzzo,19,2024-25,48.0,44.0,47.0,46.0,46.25,0,False,False,-36.25,-43.0,4,True,https://www.docente.it/migliori-scuole/giulianova,
casalnuovo-di-napoli,CASALNUOVO DI NAPOLI,NAPOLI,Campania,56,2024-25,50.0,57.0,38.0,40.0,46.25,0,False,False,-36.25,-45.0,4,True,https://www.docente.it/migliori-scuole/casalnuovo-di-napoli,
latina,LATINA,LATINA,Lazio,126,2024-25,55.0,45.0,47.0,38.0,46.25,0,False,False,-36.25,-47.0,4,True,https://www.docente.it/migliori-scuole/latina,
monterotondo,MONTEROTONDO,ROMA,Lazio,46,2024-25,56.0,46.0,48.0,35.0,46.25,0,False,False,-36.25,-50.0,4,True,https://www.docente.it/migliori-scuole/monterotondo,
san-giovanni-valdarno,SAN GIOVANNI VALDARNO,AREZZO,Toscana,22,2024-25,49.0,47.0,44.0,44.0,46.0,0,False,False,-36.5,-41.0,4,True,https://www.docente.it/migliori-scuole/san-giovanni-valdarno,
caivano,CAIVANO,NAPOLI,Campania,31,2024-25,52.0,45.0,43.0,44.0,46.0,0,False,False,-36.5,-42.0,4,True,https://www.docente.it/migliori-scuole/caivano,
san-giovanni-rotondo,SAN GIOVANNI ROTONDO,FOGGIA,Puglia,24,2024-25,53.0,46.0,42.0,43.0,46.0,0,False,False,-36.5,-42.0,4,True,https://www.docente.it/migliori-scuole/san-giovanni-rotondo,
tivoli,TIVOLI,ROMA,Lazio,58,2024-25,52.0,50.0,42.0,40.0,46.0,0,False,False,-36.5,-45.0,4,True,https://www.docente.it/migliori-scuole/tivoli,
sessa-aurunca,SESSA AURUNCA,CASERTA,Campania,45,2024-25,54.0,41.0,43.0,46.0,46.0,0,False,False,-36.5,-46.0,4,True,https://www.docente.it/migliori-scuole/sessa-aurunca,
marigliano,MARIGLIANO,NAPOLI,Campania,44,2024-25,58.0,53.0,38.0,35.0,46.0,0,False,False,-36.5,-50.0,4,True,https://www.docente.it/migliori-scuole/marigliano,
filadelfia,FILADELFIA,VIBO VALENTIA,Calabria,10,2024-25,53.0,36.0,42.0,53.0,46.0,0,False,False,-36.5,-51.0,4,True,https://www.docente.it/migliori-scuole/filadelfia,
altamura,ALTAMURA,BARI,Puglia,55,2024-25,48.0,45.0,42.0,48.0,45.75,0,False,False,-36.75,-42.0,4,True,https://www.docente.it/migliori-scuole/altamura,
fara-in-sabina,FARA IN SABINA,RIETI,Lazio,17,2024-25,46.0,37.0,53.0,47.0,45.75,0,False,False,-36.75,-50.0,4,True,https://www.docente.it/migliori-scuole/fara-in-sabina,
massa,MASSA,MASSA-CARRARA,Toscana,87,2024-25,45.0,45.0,49.0,43.0,45.5,0,False,False,-37.0,-42.0,4,True,https://www.docente.it/migliori-scuole/massa,
frosinone,FROSINONE,FROSINONE,Lazio,70,2024-25,51.0,45.0,47.0,39.0,45.5,0,False,False,-37.0,-46.0,4,True,https://www.docente.it/migliori-scuole/frosinone,
cagliari,CAGLIARI,CAGLIARI,Sardegna,162,2024-25,53.0,40.0,51.0,38.0,45.5,0,False,False,-37.0,-47.0,4,True,https://www.docente.it/migliori-scuole/cagliari,
grottammare,GROTTAMMARE,ASCOLI PICENO,Marche,18,2024-25,44.0,48.0,44.0,45.0,45.25,0,False,False,-37.25,-40.0,4,True,https://www.docente.it/migliori-scuole/grottammare,
isola-della-scala,ISOLA DELLA SCALA,VERONA,Veneto,16,2024-25,47.0,48.0,41.0,45.0,45.25,0,False,False,-37.25,-40.0,4,True,https://www.docente.it/migliori-scuole/isola-della-scala,
bisceglie,BISCEGLIE,BARLETTA-ANDRIA-TRANI,Puglia,40,2024-25,52.0,47.0,42.0,40.0,45.25,0,False,False,-37.25,-45.0,4,True,https://www.docente.it/migliori-scuole/bisceglie,
vallo-della-lucania,VALLO DELLA LUCANIA,SALERNO,Campania,22,2024-25,57.0,43.0,41.0,40.0,45.25,0,False,False,-37.25,-45.0,4,True,https://www.docente.it/migliori-scuole/vallo-della-lucania,
guidonia-montecelio,GUIDONIA MONTECELIO,ROMA,Lazio,66,2024-25,51.0,39.0,48.0,43.0,45.25,0,False,False,-37.25,-48.0,4,True,https://www.docente.it/migliori-scuole/guidonia-montecelio,
torre-pellice,TORRE PELLICE,TORINO,Piemonte,9,2024-25,61.0,39.0,50.0,31.0,45.25,0,False,False,-37.25,-54.0,4,True,https://www.docente.it/migliori-scuole/torre-pellice,
barcellona-pozzo-di-gotto,BARCELLONA POZZO DI GOTTO,MESSINA,Sicilia,77,2024-25,49.0,45.0,43.0,43.0,45.0,0,False,False,-37.5,-42.0,4,True,https://www.docente.it/migliori-scuole/barcellona-pozzo-di-gotto,
massafra,MASSAFRA,TARANTO,Puglia,30,2024-25,51.0,44.0,45.0,40.0,45.0,0,False,False,-37.5,-45.0,4,True,https://www.docente.it/migliori-scuole/massafra,
san-giovanni-la-punta,SAN GIOVANNI LA PUNTA,CATANIA,Sicilia,26,2024-25,54.0,40.0,48.0,38.0,45.0,0,False,False,-37.5,-47.0,4,True,https://www.docente.it/migliori-scuole/san-giovanni-la-punta,
caltagirone,CALTAGIRONE,CATANIA,Sicilia,64,2024-25,50.0,39.0,48.0,43.0,45.0,0,False,False,-37.5,-48.0,4,True,https://www.docente.it/migliori-scuole/caltagirone,
favara,FAVARA,AGRIGENTO,Sicilia,44,2024-25,48.0,44.0,44.0,43.0,44.75,0,False,False,-37.75,-43.0,4,True,https://www.docente.it/migliori-scuole/favara,
civezzano,CIVEZZANO,TRENTO,Trentino-Alto Adige,7,2024-25,51.0,49.0,41.0,38.0,44.75,0,False,False,-37.75,-47.0,4,True,https://www.docente.it/migliori-scuole/civezzano,
atri,ATRI,TERAMO,Abruzzo,18,2024-25,55.0,39.0,47.0,38.0,44.75,0,False,False,-37.75,-48.0,4,True,https://www.docente.it/migliori-scuole/atri,
cerreto-sannita,CERRETO SANNITA,BENEVENTO,Campania,14,2024-25,51.0,48.0,40.0,39.0,44.5,0,False,False,-38.0,-46.0,4,True,https://www.docente.it/migliori-scuole/cerreto-sannita,
piedimonte-matese,PIEDIMONTE MATESE,CASERTA,Campania,27,2024-25,53.0,44.0,42.0,39.0,44.5,0,False,False,-38.0,-46.0,4,True,https://www.docente.it/migliori-scuole/piedimonte-matese,
piombino,PIOMBINO,LIVORNO,Toscana,30,2024-25,46.0,47.0,45.0,39.0,44.25,0,False,False,-38.25,-46.0,4,True,https://www.docente.it/migliori-scuole/piombino,
arzano,ARZANO,NAPOLI,Campania,36,2024-25,55.0,45.0,39.0,38.0,44.25,0,False,False,-38.25,-47.0,4,True,https://www.docente.it/migliori-scuole/arzano,
san-giorgio-a-cremano,SAN GIORGIO A CREMANO,NAPOLI,Campania,48,2024-25,54.0,45.0,40.0,38.0,44.25,0,False,False,-38.25,-47.0,4,True,https://www.docente.it/migliori-scuole/san-giorgio-a-cremano,
ladispoli,LADISPOLI,ROMA,Lazio,37,2024-25,52.0,39.0,46.0,40.0,44.25,0,False,False,-38.25,-48.0,4,True,https://www.docente.it/migliori-scuole/ladispoli,
grottaglie,GROTTAGLIE,TARANTO,Puglia,28,2024-25,58.0,41.0,42.0,36.0,44.25,0,False,False,-38.25,-49.0,4,True,https://www.docente.it/migliori-scuole/grottaglie,
trapani,TRAPANI,TRAPANI,Sicilia,67,2024-25,53.0,38.0,49.0,37.0,44.25,0,False,False,-38.25,-49.0,4,True,https://www.docente.it/migliori-scuole/trapani,
palmi,PALMI,REGGIO CALABRIA,Calabria,36,2024-25,47.0,37.0,49.0,44.0,44.25,0,False,False,-38.25,-50.0,4,True,https://www.docente.it/migliori-scuole/palmi,
melito-di-napoli,MELITO DI NAPOLI,NAPOLI,Campania,30,2024-25,47.0,27.0,54.0,49.0,44.25,0,False,False,-38.25,-60.0,4,True,https://www.docente.it/migliori-scuole/melito-di-napoli,
bracciano,BRACCIANO,ROMA,Lazio,17,2024-25,49.0,44.0,44.0,39.0,44.0,0,False,False,-38.5,-46.0,4,True,https://www.docente.it/migliori-scuole/bracciano,
san-biagio-di-callalta,SAN BIAGIO DI CALLALTA,TREVISO,Veneto,15,2024-25,33.0,67.0,30.0,46.0,44.0,0,False,False,-38.5,-51.0,4,True,https://www.docente.it/migliori-scuole/san-biagio-di-callalta,
guastalla,GUASTALLA,REGGIO EMILIA,Emilia-Romagna,19,2024-25,45.0,41.0,45.0,44.0,43.75,0,False,False,-38.75,-46.0,4,True,https://www.docente.it/migliori-scuole/guastalla,
cassino,CASSINO,FROSINONE,Lazio,49,2024-25,55.0,48.0,35.0,37.0,43.75,0,False,False,-38.75,-48.0,4,True,https://www.docente.it/migliori-scuole/cassino,
san-severo,SAN SEVERO,FOGGIA,Puglia,53,2024-25,44.0,41.0,44.0,45.0,43.5,0,False,False,-39.0,-46.0,4,True,https://www.docente.it/migliori-scuole/san-severo,
acquaviva-delle-fonti,ACQUAVIVA DELLE FONTI,BARI,Puglia,28,2024-25,50.0,40.0,47.0,36.0,43.25,0,False,False,-39.25,-49.0,4,True,https://www.docente.it/migliori-scuole/acquaviva-delle-fonti,
alassio,ALASSIO,SAVONA,Liguria,15,2024-25,47.0,45.0,38.0,42.0,43.0,0,False,False,-39.5,-43.0,4,True,https://www.docente.it/migliori-scuole/alassio,
gela,GELA,CALTANISSETTA,Sicilia,86,2024-25,45.0,36.0,46.0,45.0,43.0,0,False,False,-39.5,-51.0,4,True,https://www.docente.it/migliori-scuole/gela,
floridia,FLORIDIA,SIRACUSA,Sicilia,19,2024-25,44.0,34.0,42.0,52.0,43.0,0,False,False,-39.5,-53.0,4,True,https://www.docente.it/migliori-scuole/floridia,
cortona,CORTONA,AREZZO,Toscana,35,2024-25,44.0,39.0,43.0,45.0,42.75,0,False,False,-39.75,-48.0,4,True,https://www.docente.it/migliori-scuole/cortona,
scafati,SCAFATI,SALERNO,Campania,68,2024-25,48.0,47.0,40.0,36.0,42.75,0,False,False,-39.75,-49.0,4,True,https://www.docente.it/migliori-scuole/scafati,
battipaglia,BATTIPAGLIA,SALERNO,Campania,55,2024-25,50.0,42.0,39.0,39.0,42.5,0,False,False,-40.0,-46.0,4,True,https://www.docente.it/migliori-scuole/battipaglia,
catania,CATANIA,CATANIA,Sicilia,355,2024-25,50.0,38.0,45.0,37.0,42.5,0,False,False,-40.0,-49.0,4,True,https://www.docente.it/migliori-scuole/catania,
sarno,SARNO,SALERNO,Campania,49,2024-25,55.0,47.0,37.0,31.0,42.5,0,False,False,-40.0,-54.0,4,True,https://www.docente.it/migliori-scuole/sarno,
nichelino,NICHELINO,TORINO,Piemonte,32,2024-25,48.0,47.0,37.0,37.0,42.25,0,False,False,-40.25,-48.0,4,True,https://www.docente.it/migliori-scuole/nichelino,
castrovillari,CASTROVILLARI,COSENZA,Calabria,41,2024-25,50.0,42.0,41.0,36.0,42.25,0,False,False,-40.25,-49.0,4,True,https://www.docente.it/migliori-scuole/castrovillari,
mussomeli,MUSSOMELI,CALTANISSETTA,Sicilia,18,2024-25,45.0,50.0,36.0,37.0,42.0,0,False,False,-40.5,-48.0,4,True,https://www.docente.it/migliori-scuole/mussomeli,
locri,LOCRI,REGGIO CALABRIA,Calabria,27,2024-25,55.0,41.0,36.0,36.0,42.0,0,False,False,-40.5,-49.0,4,True,https://www.docente.it/migliori-scuole/locri,
anzio,ANZIO,ROMA,Lazio,50,2024-25,53.0,36.0,45.0,34.0,42.0,0,False,False,-40.5,-51.0,4,True,https://www.docente.it/migliori-scuole/anzio,
velletri,VELLETRI,ROMA,Lazio,69,2024-25,52.0,42.0,41.0,33.0,42.0,0,False,False,-40.5,-52.0,4,True,https://www.docente.it/migliori-scuole/velletri,
acri,ACRI,COSENZA,Calabria,44,2024-25,49.0,31.0,46.0,41.0,41.75,0,False,False,-40.75,-56.0,4,True,https://www.docente.it/migliori-scuole/acri,
siracusa,SIRACUSA,SIRACUSA,Sicilia,135,2024-25,52.0,40.0,40.0,34.0,41.5,0,False,False,-41.0,-51.0,4,True,https://www.docente.it/migliori-scuole/siracusa,
frascati,FRASCATI,ROMA,Lazio,40,2024-25,54.0,41.0,39.0,32.0,41.5,0,False,False,-41.0,-53.0,4,True,https://www.docente.it/migliori-scuole/frascati,
enna,ENNA,ENNA,Sicilia,39,2024-25,52.0,38.0,46.0,30.0,41.5,0,False,False,-41.0,-55.0,4,True,https://www.docente.it/migliori-scuole/enna,
brindisi,BRINDISI,BRINDISI,Puglia,92,2024-25,48.0,42.0,39.0,36.0,41.25,0,False,False,-41.25,-49.0,4,True,https://www.docente.it/migliori-scuole/brindisi,
lamezia-terme,LAMEZIA TERME,CATANZARO,Calabria,86,2024-25,46.0,37.0,43.0,39.0,41.25,0,False,False,-41.25,-50.0,4,True,https://www.docente.it/migliori-scuole/lamezia-terme,
napoli,NAPOLI,NAPOLI,Campania,927,2024-25,50.0,40.0,40.0,35.0,41.25,0,False,False,-41.25,-50.0,4,True,https://www.docente.it/migliori-scuole/napoli,
varallo,VARALLO,VERCELLI,Piemonte,14,2024-25,45.0,37.0,46.0,37.0,41.25,0,False,False,-41.25,-50.0,4,True,https://www.docente.it/migliori-scuole/varallo,
soverato,SOVERATO,CATANZARO,Calabria,28,2024-25,48.0,42.0,41.0,34.0,41.25,0,False,False,-41.25,-51.0,4,True,https://www.docente.it/migliori-scuole/soverato,
palermo,PALERMO,PALERMO,Sicilia,708,2024-25,52.0,40.0,40.0,33.0,41.25,0,False,False,-41.25,-52.0,4,True,https://www.docente.it/migliori-scuole/palermo,
sciacca,SCIACCA,AGRIGENTO,Sicilia,49,2024-25,54.0,42.0,37.0,32.0,41.25,0,False,False,-41.25,-53.0,4,True,https://www.docente.it/migliori-scuole/sciacca,
nuoro,NUORO,NUORO,Sardegna,51,2024-25,46.0,31.0,53.0,35.0,41.25,0,False,False,-41.25,-56.0,4,True,https://www.docente.it/migliori-scuole/nuoro,
portici,PORTICI,NAPOLI,Campania,65,2024-25,54.0,48.0,33.0,29.0,41.0,0,False,False,-41.5,-56.0,4,True,https://www.docente.it/migliori-scuole/portici,
pompei,POMPEI,NAPOLI,Campania,36,2024-25,49.0,33.0,41.0,40.0,40.75,0,False,False,-41.75,-54.0,4,True,https://www.docente.it/migliori-scuole/pompei,
bronte,BRONTE,CATANIA,Sicilia,30,2024-25,50.0,42.0,39.0,31.0,40.5,0,False,False,-42.0,-54.0,4,True,https://www.docente.it/migliori-scuole/bronte,
vieste,VIESTE,FOGGIA,Puglia,16,2024-25,50.0,44.0,37.0,31.0,40.5,0,False,False,-42.0,-54.0,4,True,https://www.docente.it/migliori-scuole/vieste,
castel-san-pietro-terme,CASTEL SAN PIETRO TERME,BOLOGNA,Emilia-Romagna,20,2024-25,46.0,31.0,40.0,45.0,40.5,0,False,False,-42.0,-56.0,4,True,https://www.docente.it/migliori-scuole/castel-san-pietro-terme,
pomezia,POMEZIA,ROMA,Lazio,61,2024-25,54.0,38.0,41.0,29.0,40.5,0,False,False,-42.0,-56.0,4,True,https://www.docente.it/migliori-scuole/pomezia,
palestrina,PALESTRINA,ROMA,Lazio,20,2024-25,53.0,40.0,41.0,28.0,40.5,0,False,False,-42.0,-57.0,4,True,https://www.docente.it/migliori-scuole/palestrina,
teggiano,TEGGIANO,SALERNO,Campania,19,2024-25,64.0,56.0,25.0,17.0,40.5,0,False,False,-42.0,-68.0,4,True,https://www.docente.it/migliori-scuole/teggiano,
partinico,PARTINICO,PALERMO,Sicilia,40,2024-25,46.0,38.0,38.0,38.0,40.0,0,False,False,-42.5,-49.0,4,True,https://www.docente.it/migliori-scuole/partinico,
caltanissetta,CALTANISSETTA,CALTANISSETTA,Sicilia,80,2024-25,44.0,38.0,43.0,35.0,40.0,0,False,False,-42.5,-50.0,4,True,https://www.docente.it/migliori-scuole/caltanissetta,
modica,MODICA,RAGUSA,Sicilia,72,2024-25,47.0,34.0,44.0,35.0,40.0,0,False,False,-42.5,-53.0,4,True,https://www.docente.it/migliori-scuole/modica,
bagheria,BAGHERIA,PALERMO,Sicilia,59,2024-25,50.0,38.0,41.0,31.0,40.0,0,False,False,-42.5,-54.0,4,True,https://www.docente.it/migliori-scuole/bagheria,
cosenza,COSENZA,COSENZA,Calabria,104,2024-25,46.0,37.0,38.0,38.0,39.75,0,False,False,-42.75,-50.0,4,True,https://www.docente.it/migliori-scuole/cosenza,
pozzuoli,POZZUOLI,NAPOLI,Campania,114,2024-25,49.0,34.0,37.0,39.0,39.75,0,False,False,-42.75,-53.0,4,True,https://www.docente.it/migliori-scuole/pozzuoli,
torre-annunziata,TORRE ANNUNZIATA,NAPOLI,Campania,44,2024-25,49.0,45.0,34.0,30.0,39.5,0,False,False,-43.0,-55.0,4,True,https://www.docente.it/migliori-scuole/torre-annunziata,
alghero,ALGHERO,SASSARI,Sardegna,48,2024-25,39.0,36.0,48.0,34.0,39.25,0,False,False,-43.25,-51.0,4,True,https://www.docente.it/migliori-scuole/alghero,
vibo-valentia,VIBO VALENTIA,VIBO VALENTIA,Calabria,69,2024-25,45.0,35.0,41.0,36.0,39.25,0,False,False,-43.25,-52.0,4,True,https://www.docente.it/migliori-scuole/vibo-valentia,
ostiglia,OSTIGLIA,MANTOVA,Lombardia,12,2024-25,39.0,37.0,40.0,40.0,39.0,0,False,False,-43.5,-50.0,4,True,https://www.docente.it/migliori-scuole/ostiglia,
mazara-del-vallo,MAZARA DEL VALLO,TRAPANI,Sicilia,56,2024-25,37.0,37.0,40.0,41.0,38.75,0,False,False,-43.75,-50.0,4,True,https://www.docente.it/migliori-scuole/mazara-del-vallo,
civita-castellana,CIVITA CASTELLANA,VITERBO,Lazio,26,2024-25,39.0,41.0,42.0,33.0,38.75,0,False,False,-43.75,-52.0,4,True,https://www.docente.it/migliori-scuole/civita-castellana,
macomer,MACOMER,NUORO,Sardegna,19,2024-25,48.0,29.0,51.0,27.0,38.75,0,False,False,-43.75,-58.0,4,True,https://www.docente.it/migliori-scuole/macomer,
pagani,PAGANI,SALERNO,Campania,57,2024-25,62.0,59.0,19.0,15.0,38.75,0,False,False,-43.75,-70.0,4,True,https://www.docente.it/migliori-scuole/pagani,
lucera,LUCERA,FOGGIA,Puglia,35,2024-25,46.0,35.0,41.0,32.0,38.5,0,False,False,-44.0,-53.0,4,True,https://www.docente.it/migliori-scuole/lucera,
fiumicino,FIUMICINO,ROMA,Lazio,69,2024-25,42.0,32.0,45.0,35.0,38.5,0,False,False,-44.0,-55.0,4,True,https://www.docente.it/migliori-scuole/fiumicino,
casal-di-principe,CASAL DI PRINCIPE,CASERTA,Campania,24,2024-25,28.0,30.0,46.0,50.0,38.5,0,False,False,-44.0,-57.0,4,True,https://www.docente.it/migliori-scuole/casal-di-principe,
quarto,QUARTO,NAPOLI,Campania,43,2024-25,52.0,46.0,30.0,26.0,38.5,0,False,False,-44.0,-59.0,4,True,https://www.docente.it/migliori-scuole/quarto,
olbia,OLBIA,SASSARI,Sardegna,64,2024-25,44.0,32.0,44.0,33.0,38.25,0,False,False,-44.25,-55.0,4,True,https://www.docente.it/migliori-scuole/olbia,
crotone,CROTONE,CROTONE,Calabria,64,2024-25,49.0,32.0,38.0,32.0,37.75,0,False,False,-44.75,-55.0,4,True,https://www.docente.it/migliori-scuole/crotone,
terracina,TERRACINA,LATINA,Lazio,34,2024-25,43.0,34.0,45.0,29.0,37.75,0,False,False,-44.75,-56.0,4,True,https://www.docente.it/migliori-scuole/terracina,
san-giovanni-in-fiore,SAN GIOVANNI IN FIORE,COSENZA,Calabria,32,2024-25,37.0,37.0,35.0,41.0,37.5,0,False,False,-45.0,-50.0,4,True,https://www.docente.it/migliori-scuole/san-giovanni-in-fiore,
fasano,FASANO,BRINDISI,Puglia,39,2024-25,41.0,39.0,39.0,30.0,37.25,0,False,False,-45.25,-55.0,4,True,https://www.docente.it/migliori-scuole/fasano,
frattamaggiore,FRATTAMAGGIORE,NAPOLI,Campania,57,2024-25,53.0,40.0,30.0,26.0,37.25,0,False,False,-45.25,-59.0,4,True,https://www.docente.it/migliori-scuole/frattamaggiore,
lentini,LENTINI,SIRACUSA,Sicilia,31,2024-25,40.0,32.0,38.0,38.0,37.0,0,False,False,-45.5,-55.0,4,True,https://www.docente.it/migliori-scuole/lentini,
oristano,ORISTANO,ORISTANO,Sardegna,45,2024-25,45.0,30.0,43.0,30.0,37.0,0,False,False,-45.5,-57.0,4,True,https://www.docente.it/migliori-scuole/oristano,
formia,FORMIA,LATINA,Lazio,50,2024-25,46.0,26.0,48.0,28.0,37.0,0,False,False,-45.5,-61.0,4,True,https://www.docente.it/migliori-scuole/formia,
trebisacce,TREBISACCE,COSENZA,Calabria,14,2024-25,39.0,32.0,41.0,35.0,36.75,0,False,False,-45.75,-55.0,4,True,https://www.docente.it/migliori-scuole/trebisacce,
brenzone-sul-garda,BRENZONE SUL GARDA,VERONA,Veneto,6,2024-25,31.0,27.0,41.0,48.0,36.75,0,False,False,-45.75,-60.0,4,True,https://www.docente.it/migliori-scuole/brenzone-sul-garda,
bracigliano,BRACIGLIANO,SALERNO,Campania,15,2024-25,61.0,51.0,10.0,24.0,36.5,0,False,False,-46.0,-71.0,4,True,https://www.docente.it/migliori-scuole/bracigliano,
strongoli,STRONGOLI,CROTONE,Calabria,11,2024-25,45.0,32.0,28.0,39.0,36.0,0,False,False,-46.5,-55.0,4,True,https://www.docente.it/migliori-scuole/strongoli,
piazza-armerina,PIAZZA ARMERINA,ENNA,Sicilia,33,2024-25,43.0,25.0,38.0,38.0,36.0,0,False,False,-46.5,-62.0,4,True,https://www.docente.it/migliori-scuole/piazza-armerina,
casoria,CASORIA,NAPOLI,Campania,77,2024-25,40.0,32.0,37.0,34.0,35.75,0,False,False,-46.75,-55.0,4,True,https://www.docente.it/migliori-scuole/casoria,
figline-e-incisa-valdarno,FIGLINE E INCISA VALDARNO,FIRENZE,Toscana,24,2024-25,27.0,31.0,41.0,44.0,35.75,0,False,False,-46.75,-56.0,4,True,https://www.docente.it/migliori-scuole/figline-e-incisa-valdarno,
sapri,SAPRI,SALERNO,Campania,21,2024-25,39.0,34.0,36.0,33.0,35.5,0,False,False,-47.0,-53.0,4,True,https://www.docente.it/migliori-scuole/sapri,
carbonia,CARBONIA,SUD SARDEGNA,Sardegna,38,2024-25,47.0,30.0,40.0,25.0,35.5,0,False,False,-47.0,-60.0,4,True,https://www.docente.it/migliori-scuole/carbonia,
copertino,COPERTINO,LECCE,Puglia,21,2024-25,32.0,27.0,51.0,32.0,35.5,0,False,False,-47.0,-60.0,4,True,https://www.docente.it/migliori-scuole/copertino,
san-vendemiano,SAN VENDEMIANO,TREVISO,Veneto,12,2024-25,33.0,34.0,31.0,43.0,35.25,0,False,False,-47.25,-53.0,4,True,https://www.docente.it/migliori-scuole/san-vendemiano,
portoferraio,PORTOFERRAIO,LIVORNO,Toscana,16,2024-25,42.0,36.0,32.0,31.0,35.25,0,False,False,-47.25,-54.0,4,True,https://www.docente.it/migliori-scuole/portoferraio,
marsala,MARSALA,TRAPANI,Sicilia,99,2024-25,39.0,33.0,36.0,30.0,34.5,0,False,False,-48.0,-55.0,4,True,https://www.docente.it/migliori-scuole/marsala,
sassari,SASSARI,SASSARI,Sardegna,136,2024-25,40.0,32.0,38.0,28.0,34.5,0,False,False,-48.0,-57.0,4,True,https://www.docente.it/migliori-scuole/sassari,
polistena,POLISTENA,REGGIO CALABRIA,Calabria,19,2024-25,39.0,22.0,44.0,32.0,34.25,0,False,False,-48.25,-65.0,4,True,https://www.docente.it/migliori-scuole/polistena,
capriate-san-gervasio,CAPRIATE SAN GERVASIO,BERGAMO,Lombardia,9,2024-25,50.0,33.0,33.0,17.0,33.25,0,False,False,-49.25,-68.0,4,True,https://www.docente.it/migliori-scuole/capriate-san-gervasio,
castellaneta,CASTELLANETA,TARANTO,Puglia,17,2024-25,38.0,28.0,30.0,34.0,32.5,0,False,False,-50.0,-59.0,4,True,https://www.docente.it/migliori-scuole/castellaneta,
castel-volturno,CASTEL VOLTURNO,CASERTA,Campania,28,2024-25,32.0,26.0,36.0,36.0,32.5,0,False,False,-50.0,-61.0,4,True,https://www.docente.it/migliori-scuole/castel-volturno,
nocera-inferiore,NOCERA INFERIORE,SALERNO,Campania,73,2024-25,39.0,31.0,31.0,28.0,32.25,0,False,False,-50.25,-57.0,4,True,https://www.docente.it/migliori-scuole/nocera-inferiore,
oppido-mamertina,OPPIDO MAMERTINA,REGGIO CALABRIA,Calabria,14,2024-25,24.0,29.0,36.0,40.0,32.25,0,False,False,-50.25,-58.0,4,True,https://www.docente.it/migliori-scuole/oppido-mamertina,
nettuno,NETTUNO,ROMA,Lazio,47,2024-25,36.0,39.0,27.0,26.0,32.0,0,False,False,-50.5,-59.0,4,True,https://www.docente.it/migliori-scuole/nettuno,
angri,ANGRI,SALERNO,Campania,41,2024-25,46.0,40.0,14.0,22.0,30.5,0,False,False,-52.0,-67.0,4,True,https://www.docente.it/migliori-scuole/angri,
vittoria,VITTORIA,RAGUSA,Sicilia,69,2024-25,36.0,29.0,29.0,27.0,30.25,0,False,False,-52.25,-58.0,4,True,https://www.docente.it/migliori-scuole/vittoria,
tempio-pausania,TEMPIO PAUSANIA,SASSARI,Sardegna,25,2024-25,43.0,22.0,38.0,18.0,30.25,0,False,False,-52.25,-67.0,4,True,https://www.docente.it/migliori-scuole/tempio-pausania,
gioia-tauro,GIOIA TAURO,REGGIO CALABRIA,Calabria,27,2024-25,38.0,29.0,26.0,27.0,30.0,0,False,False,-52.5,-58.0,4,True,https://www.docente.it/migliori-scuole/gioia-tauro,
terzigno,TERZIGNO,NAPOLI,Campania,23,2024-25,63.0,44.0,7.0,5.0,29.75,0,False,False,-52.75,-80.0,4,True,https://www.docente.it/migliori-scuole/terzigno,
acerra,ACERRA,NAPOLI,Campania,57,2024-25,44.0,30.0,23.0,16.0,28.25,0,False,False,-54.25,-69.0,4,True,https://www.docente.it/migliori-scuole/acerra,
erice,ERICE,TRAPANI,Sicilia,38,2024-25,28.0,30.0,24.0,29.0,27.75,0,False,False,-54.75,-57.0,4,True,https://www.docente.it/migliori-scuole/erice,
rosolini,ROSOLINI,SIRACUSA,Sicilia,26,2024-25,32.0,35.0,21.0,23.0,27.75,0,False,False,-54.75,-62.0,4,True,https://www.docente.it/migliori-scuole/rosolini,
licata,LICATA,AGRIGENTO,Sicilia,40,2024-25,34.0,25.0,31.0,19.0,27.25,0,False,False,-55.25,-66.0,4,True,https://www.docente.it/migliori-scuole/licata,
ottaviano,OTTAVIANO,NAPOLI,Campania,41,2024-25,47.0,32.0,17.0,13.0,27.25,0,False,False,-55.25,-72.0,4,True,https://www.docente.it/migliori-scuole/ottaviano,
pachino,PACHINO,SIRACUSA,Sicilia,25,2024-25,29.0,28.0,23.0,26.0,26.5,0,False,False,-56.0,-59.0,4,True,https://www.docente.it/migliori-scuole/pachino,
iglesias,IGLESIAS,SUD SARDEGNA,Sardegna,35,2024-25,32.0,21.0,31.0,21.0,26.25,0,False,False,-56.25,-66.0,4,True,https://www.docente.it/migliori-scuole/iglesias,
orta-nova,ORTA NOVA,FOGGIA,Puglia,17,2024-25,39.0,29.0,15.0,15.0,24.5,0,False,False,-58.0,-70.0,4,True,https://www.docente.it/migliori-scuole/orta-nova,
saviano,SAVIANO,NAPOLI,Campania,21,2024-25,27.0,27.0,23.0,20.0,24.25,0,False,False,-58.25,-65.0,4,True,https://www.docente.it/migliori-scuole/saviano,
siniscola,SINISCOLA,NUORO,Sardegna,16,2024-25,29.0,22.0,26.0,16.0,23.25,0,False,False,-59.25,-69.0,4,True,https://www.docente.it/migliori-scuole/siniscola,
san-giuseppe-vesuviano,SAN GIUSEPPE VESUVIANO,NAPOLI,Campania,50,2024-25,30.0,25.0,18.0,19.0,23.0,0,False,False,-59.5,-66.0,4,True,https://www.docente.it/migliori-scuole/san-giuseppe-vesuviano,
baiano,BAIANO,AVELLINO,Campania,8,2024-25,23.0,14.0,14.0,36.0,21.75,0,False,False,-60.75,-73.0,4,True,https://www.docente.it/migliori-scuole/baiano,
taormina,TAORMINA,MESSINA,Sicilia,13,2024-25,22.0,17.0,20.0,23.0,20.5,0,False,False,-62.0,-70.0,4,True,https://www.docente.it/migliori-scuole/taormina,
ozieri,OZIERI,SASSARI,Sardegna,22,2024-25,26.0,19.0,18.0,15.0,19.5,0,False,False,-63.0,-70.0,4,True,https://www.docente.it/migliori-scuole/ozieri,
vico-equense,VICO EQUENSE,NAPOLI,Campania,22,2024-25,33.0,31.0,9.0,4.0,19.25,0,False,False,-63.25,-81.0,4,True,https://www.docente.it/migliori-scuole/vico-equense,
roccarainola,ROCCARAINOLA,NAPOLI,Campania,10,2024-25,7.0,0.0,30.0,39.0,19.0,0,False,False,-63.5,-87.0,4,True,https://www.docente.it/migliori-scuole/roccarainola,
crispano,CRISPANO,NAPOLI,Campania,10,2024-25,46.0,0.0,15.0,12.0,18.25,0,False,False,-64.25,-87.0,4,True,https://www.docente.it/migliori-scuole/crispano,
corbara,CORBARA,SALERNO,Campania,9,2024-25,33.0,0.0,24.0,13.0,17.5,0,False,False,-65.0,-87.0,4,True,https://www.docente.it/migliori-scuole/corbara,
monteforte-irpino,MONTEFORTE IRPINO,AVELLINO,Campania,10,2024-25,17.0,17.0,20.0,12.0,16.5,0,False,False,-66.0,-73.0,4,True,https://www.docente.it/migliori-scuole/monteforte-irpino,
tortora,TORTORA,COSENZA,Calabria,10,2024-25,14.0,14.0,15.0,5.0,12.0,0,False,False,-70.5,-80.0,4,True,https://www.docente.it/migliori-scuole/tortora,
calvizzano,CALVIZZANO,NAPOLI,Campania,11,2024-25,7.0,7.0,10.0,10.0,8.5,0,False,False,-74.0,-80.0,4,True,https://www.docente.it/migliori-scuole/calvizzano,
san-marco-evangelista,SAN MARCO EVANGELISTA,CASERTA,Campania,7,2024-25,15.0,0.0,4.0,2.0,5.25,0,False,False,-77.25,-87.0,4,True,https://www.docente.it/migliori-scuole/san-marco-evangelista,
pago-del-vallo-di-lauro,PAGO DEL VALLO DI LAURO,AVELLINO,Campania,5,2024-25,0.0,0.0,10.0,4.0,3.5,0,False,False,-79.0,-87.0,4,True,https://www.docente.it/migliori-scuole/pago-del-vallo-di-lauro,
san-marzano-sul-sarno,SAN MARZANO SUL SARNO,SALERNO,Campania,12,2024-25,0.0,0.0,6.0,2.0,2.0,0,False,False,-80.5,-87.0,4,True,https://www.docente.it/migliori-scuole/san-marzano-sul-sarno,
